filename,author,title,doi,language,bertopic_topic,bertopic_prob
1000_oms_2017.pdf,F. Xavier Oms,"First Evidence of Collective Human Inhumation from the Cardial Neolithic (Cova Bonica, Barcelona, NE Iberian Peninsula)",10.1080/00934690.2016.1260407,en,2,0.9539734680828533
1001_HierrosAntiguos_2017.pdf,,01_ok.qxd,10.15366/cupauam2017.43.003,es,2,1.0
1002_gibaja2016.pdf,,12520_2015_311_Article 1..11,10.1007/s12520-015-0311-y,en,2,0.9704903272072092
1003_La_cronologia_radiocarbonica_de_las_primeras_manif_2017.pdf,"Gonzalo Aranda Jiménez, Águeda Lozano Medina, María Dolores Camalich Massieu, Dimas Martín Socas, Francisco Javier Rodríguez Santos, Aioze Trujillo Mederos, Jonathan Santana Cabrera, Angelique Nonza-Micaelli, Xavier Clop García","La cronología radiocarbónica de las primeras manifestaciones megalíticas en el sureste de la Península Ibérica: las necrópolis de Las Churuletas, La Atalaya y Llano del Jautón (Purchena, Almería); The radiocarbon chronology of the oldest megalithic monuments in southeastern Iberia: the necropolises of Las Churuletas, La Atalaya and Llano del Jautón (Purchena, Almería)",10.3989/tp.2017.12194,es,2,0.9712981805818197
1004_AsMamelasIberCrono_2017.pdf,Igor Bogdanovic,"La cronología en As Mamelas (Sanxenxo, Pontevedra) como ejemplo de yacimiento al aire libre de la Prehistoria Reciente gallega",10.3989/tp.2005.v62.i2.74,es,2,0.9294620868170164
"1006_La revolució neolítica. La Draga, el poblat dels prodigis_2017.pdf",,"# **La Draga, el poblat dels prodigis**",10.1016/j.quaint.2016.05.024_,ca,2,0.9450853539744282
1007_Peñon_IberCrono_2017.pdf,Gabriel,"# **La secuencia crono-cultural del yacimiento de Peñón de la Zorra (Villena, Alicante)**",,es,2,0.9926618289535007
1008_TafonomiaMarcoMetodologico_2017.pdf,"Borja González-Rabanal, Manuel Ramón González-Morales, Ana B. Marín-Arroyo","La tafonomía como marco metodológico para interpretar depósitos funerarios superficiales: estudio de la cueva sepulcral de El Espinoso (Ribadedeva, Asturias); Taphonomy as a methodological framework for understanding surface funerary deposits: the human burial at the cave of El Espinoso (Ribadedeva, Asturias)",10.3989/tp.2017.12195,es,2,0.9601035559578086
1009_KOBIE_Paleoantropologia_2017.pdf,,"LOS ENTERRAMIENTOS EN CISTA EN EL PIRINEO OCCIDENTAL: ARQUITECTURA, CRONOLOGÍA, RITUAL Y CARACTERIZACIÓN DE LOS INHUMADOS EN LA SIERRA DE ARALAR (GIPUZKOA) 57",,es,2,0.9680363951520241
1010_IberCrono_2017.pdf,Igor Bogdanovic,"See discussions, stats, and author profiles for this publication at: https://www.researchgate.net/publication/321826096",10.3989/tp.2014.12128,es,1,1.0
1011_Neolothic ditched_2017.pdf,Bóris,"See discussions, stats, and author profiles for this publication at: https://www.researchgate.net/publication/322147317",10.1002/oa.2502,en,1,0.6209486747265341
1013_Objetos de oro_2017.pdf,Joan Daura,Objetos de oro y epicampaniforme en la Cova del Gegant. Relaciones en la costa mediterránea de la Península Ibérica durante la Edad del Bronce ; Gold artifacts and Late Bell Beaker from Cova del Gegant: Interaction along the Mediterranean coastline of the Iberian Peninsula during Bronze Age,10.3989/tp.2017.12188,es,2,0.9664517359413075
1015_Dataciones_2017.pdf,"Dirk Brandherm, Michał Krueger",Primeras determinaciones radiocarbónicas de la necrópolis de Setefilla (Lora del Río) y el inicio del periodo orientalizante en Andalucía occidental; First radiocarbon determinations from the Setefilla necropolis (Lora del Río) and the beginning of the Orientalizing period in western Andalusia,10.3989/tp.2017.12196,es,2,0.9469909613982198
1016_Cova_Guineu_2017.pdf,,Coberta_tribuna_arqueologia,,ca,2,0.9201430863464767
1017_Ceramica_campaniforme_2017.pdf,,**==> picture [86 x 74] intentionally omitted <==**,,pt,2,0.9190293984910639
1018_Practicas_funerarias_IberCrono_2017.pdf,Xavier Clop García,# **Prácticas funerarias y cronometría entre 3.500-1.500 Cal ANE en el noreste de la Península Ibérica**,,es,2,1.0
1019_Reconstructing_2017.pdf,Courtney,Type your Frontispiece or Quote Page here (if any),,en,2,1.0
1020_RedilesyPastores_2017.pdf,lgzsaalj,Homenaje Lydia Zapata PR5.pdf,10.1016/S0305-4403(02)00031-6,en,1,1.0
1021_Resilience_2017.pdf,Nuno Bicho,"Resilience, replacement and acculturation in the Mesolithic/Neolithic transition: The case of Muge, central Portugal",10.1016/j.quaint.2016.09.049,en,2,1.0
1022_Monteroetal4AiE_2017.pdf,https://www.researchgate.net/publication/322721651,"See discussions, stats, and author profiles for this publication at: https://www.researchgate.net/publication/322721651",,en,1,0.9442259211299879
1023_Socio_ecology_2017.pdf,María Martín-Seijo,Socio-ecology of Early and Middle Bronze Age communities in the northwest Atlantic region of Iberia: Wood resources procurement and forest management,10.1016/j.quaint.2015.08.026,en,2,0.9469268448139965
1024_IberCrono_2017.pdf,"Rodriguez Muñoz, Maria Luisa",## **The absolute chronology of Argaric halberds**,,en,2,0.7157145766431889
1025_The_Beginning_of_High_Mountain_Occupations_in_the_2017.pdf,,419297_1_En_4_Chapter 75..105,10.1007/978-3-319-55982-7_4,en,2,0.9436467994866555
1026_Material genetic_2017.pdf,Anna Szamp#x000E9;csamp#x000E9;nyi-Nagy,The maternal genetic make-up of the Iberian Peninsula between the Neolithic and the Early Bronze Age,10.1038/s41598-017-15480-9,es,2,0.9501148113767839
1027_Panoria_2017.pdf,,"The megalithic necropolis of Panoria, Granada, Spain: Geoarchaeological characterization and provenance studies",10.1002/gea.21643,en,2,0.9303303254636571
1028_IberCrono_2017.pdf,Igor Bogdanovic,"# **Towards the periodization of the uses of Can Sadurní Cave (Begues, Catalonia) during the Middle Neolithic I. The contribution of Bayesian modelling to radiocarbon dating sequences**",,en,2,1.0
1029_Enterramiento_colectivo_2017.pdf,"Pedro Díaz-del-Río, Susana Consuegra, Julia Audije, Susana Zapata, Óscar Cambra, Armando González, Anna Waterman, Jonathan Thomas, David Peate, Carlos Odriozola, Rodrigo Villalobos, Primitiva Bueno, Robert H. Tykot","Un enterramiento colectivo en cueva del III milenio AC en el centro de la Península Ibérica: el Rebollosillo (Torrelaguna, Madrid) ; A mid-third millennium BC collective burial cave in central Iberia: El Rebollosillo",10.3989/tp.2017.12184,es,2,0.9696109423108431
1030_Fondos de cabaña_2017.pdf,José Luis LÓPEZ CASTRO,¿Fondos de cabaña o depósitos rituales? Sobre un tipo de contextos materiales del Bronce Final y comienzos de la Edad del Hierro en el sur de la Península Ibérica. El depósito de Cortijo Riquelme (Almería) = Pithouses or ritual dumps? On Late Bronze and Early Iron Age’s material context type in the South of the Iberian Peninsula. The dump of Cortijo Riquelme (Almería),10.14201/zephyrus2017806991,es,2,0.9629488017377246
1031_Ceramicas pintadas_2018.pdf,Vilaça,Cerâmicas pintadas de ‘tipo carambolo’ na Beira interior (centro de Portugal),10.12795/spal.2018i27.16,es,2,0.945262410773801
1032_A Tecnologia Lítica do Fim do Tardiglaciar no Centro de Portugal_2018.pdf,,**==> picture [247 x 66] intentionally omitted <==**,10.2218/jls,pt,2,0.9618531564194057
1033_Assembling_2018.pdf,Leonardo García Sanjuán,"Assembling the Dead, Gathering the Living: Radiocarbon Dating and Bayesian Modelling for Copper Age Valencina de la Concepción (Seville, Spain)",10.1007/s10963-018-9114-2,en,2,1.0
1034_CampaniformeNortePortugal_2018.pdf,https://www.researchgate.net/publication/329809762,"See discussions, stats, and author profiles for this publication at: https://www.researchgate.net/publication/329809762",10.21747/09714290/port39a2,en,1,1.0
1035_Chronological reassessment of the middle to upper paleolithic_2018.pdf,"Ana B. Mar#_#x00ED;n-Arroyo, Joseba Rios-Garaizar, Lawrence G. Straus, Jennifer R. Jones, Marco de la Rasilla, Manuel R. Gonz#_#x00E1;lez Morales, Michael Richards, Jes#_#x00FA;s Altuna, Koro Mariezkurrena, David Ocio",Chronological reassessment of the Middle to Upper Paleolithic transition and Early Upper Paleolithic cultures in Cantabrian Spain,10.1371/journal.pone.0194708,en,2,1.0
1036_chronology_2018.pdf,Berta Morell,Chronology of the Neolithic Necropolis at Camí de Can Grau (NE-Iberian Peninsula). Funerary pattern changes and long-distance raw material exchanges,10.1016/j.crpv.2017.10.002,ca,2,0.9691630241679307
1037_Hachas_2018.pdf,,RAP 28 digital.indb,10.21001/rap.2018.28.14,es,2,1.0
1038_Damaged_Burials_or_Reliquiae_Cogotenses_On_the_Acc_2018.pdf,Ángel Esparza-Arroyo,Damaged Burials or Reliquiae Cogotenses? On the Accompanying Human Bones in Burial Pits Belonging to the Iberian Bronze Age,10.1007/s11759-018-9351-0,en,1,0.7675748531321267
1039_Egiptian mongoose_2018.pdf,Cleia Detry,Did the Romans introduce the Egyptian mongoose (Herpestes ichneumon) into the Iberian Peninsula?,10.1007/s00114-018-1586-5,en,2,0.944750650000568
1040_El Castru_2018.pdf,,**MUNIBE** Antropologia-Arkeologia nº 69 211-237 DONOSTIA 2018 ISSN 1132-2217 • eISSN 2172-4555,10.21630/maa.2018.69.14,es,2,1.0
1041_Conjunto circulos pirenaicos_2018.pdf,,**MUNIBE** Antropologia-Arkeologia nº 69 191-210 DONOSTIA 2018 ISSN 1132-2217 • eISSN 2172-4555,10.21630/maa.2018.69.18,es,2,0.9818604277440566
1042_Pico de la mora_2018.pdf,Rodrigo Villalobos García,"El Pico de la Mora (Peñafiel, Valladolid). Un nuevo asentamiento amurallado del Calcolítico Inicial normeseteño ; El Pico de la Mora (Peñafiel, Valladolid). A new Early Copper Age walled settlement in the Spanish Northern Meseta",10.3989/tp.2018.12209,es,2,0.9802536489059304
1043_ambar_2018.pdf,Mercedes Murillo-Barroso,"El ámbar de la Cueva de los Cuarenta (Priego de Córdoba, Córdoba) ; Amber from Cueva de los Cuarenta (Priego de Córdoba, Southern Iberia)",10.3989/tp.2018.12219,es,2,0.9012930634026716
1044_Menéndez Blanco et al_2018_Escavación d'una estructura de combustión del cambeo d'Era n'Almoñu (Ayande)_2018.pdf,,**==> picture [596 x 378] intentionally omitted <==**,,es,2,0.8231731323289555
1046_Inhumaciones_2018.pdf,,## **INHUMACIONES EN URNA CERÁMICA DE LA EDAD DEL BRONCE EN LA CUENCA MEDIA Y ALTA DEL TAJO: UNA PERSPECTIVA COMPARATIVA**,10.12795/spal.2018i27.01,es,2,0.9747863244205015
1047_excavaciones_ arqueológicas_2018.pdf,,**==> picture [596 x 378] intentionally omitted <==**,10.1126/science,es,2,0.8473815714067016
1048_Isotopic_evidence_mobility_large_scale_DIAZZORITA_Marta_2018.pdf,,untitled,10.15184/aqy.2018.33,en,2,0.9762601179433018
1049_La_cosecha_de_El_Garcel_Antas_Almeria_estructuras_2018.pdf,María de la Paz Román Díaz,"La cosecha de El Garcel (Antas, Almería): estructuras de almacenamiento en el sureste de la península ibérica ; The harvest of El Garcel: storage pits in the Southeast of Spain",10.3989/tp.2018.12204,es,2,0.9697400841064843
"1051_La cueva de El Cierro (Frusnu, Ribadesella). Campañas de excavación e investigación_2018.pdf",gestiondocumental,excavaciones_ arqueológicas_2013_2016.pdf,10.1007/s12520016-0353-9,es,2,0.9329258478178131
1053_Mirandoalamuerte_2018.pdf,https://www.researchgate.net/publication/321359898,"See discussions, stats, and author profiles for this publication at: https://www.researchgate.net/publication/321359898",,es,1,0.9707572024372775
1054_Landscapes_2018.pdf,G.A. Clark,"Landscapes, climate change ampamp; forager mobility in the Upper Paleolithic of northern Spain",10.1016/j.quaint.2018.04.037,en,2,0.9754698765079706
1055_Fases ocupacion Morredon_2018.pdf,https://www.researchgate.net/publication/326829663,"See discussions, stats, and author profiles for this publication at: https://www.researchgate.net/publication/326829663",10.2458/azu_js_rc.55.16947,en,1,1.0
1056_Inicios Neolitico_2018.pdf,,**MUNIBE** Antropologia-Arkeologia,10.21630/maa.2018.69.08,es,2,0.9711627895457111
1057_complutum_pradosetal_2018.pdf,Fernando Prados Martínez,"Metalurgia fenicia en el sureste ibérico: el taller del Cabezo Pequeño del Estaño (Guardamar, Alicante)",10.5209/CMPL.62396,es,1,0.9743807024904664
1058_Nuevos datos cronologicos cueva sepulcral neolotica_2018.pdf,,**MUNIBE** Antropologia-Arkeologia nº 69 145-155 DONOSTIA 2018 ISSN 1132-2217 • eISSN 2172-4555,10.21630/maa.2018.69.01,es,2,0.9734172183627121
1059_Archaeometry - Higham - Radiocarbon Dates from the Oxford AMS System  Archaeometry Datelist 36_2018.pdf,"T. F. G. Higham, C. Bronk Ramsey, D. Chivall, J. Graystone, D. Baker, E. Henderson, P. Ditchfield",Radiocarbon Dates from the Oxford AMS System: Archaeometry Datelist 36,10.1111/arcm.12372,en,2,0.9798786584779836
1060_Shipping amphorae_2018.pdf,"Silvia Valenzuela-Lamas, Hector A. Orengo, Delphine Bosch, Maura Pellegrini, Paul Halstead, Ariadna Nieto-Espinet, Angela Trentacoste, Sergio Jim#_#x00E9;nez-Manch#_#x00F3;n, Dani L#_#x00F3;pez-Reyes, Rafel Jornet-Niella",Shipping amphorae and shipping sheep? Livestock mobility in the north-east Iberian peninsula during the Iron Age based on strontium isotopic analyses of sheep and goat tooth enamel,10.1371/journal.pone.0205283,en,2,0.9781544794247499
1061_Taphonomic_2018.pdf,Salvador Pardo-Gordó,Taphonomic processes inconsistent with indigenous Mesolithic acculturation during the transition to the Neolithic in the Western Mediterranean,10.1016/j.quaint.2018.05.008,en,2,0.9692104537924219
1062_The beaker phenomenon_2018.pdf,Iñigo Olalde,The Beaker phenomenon and the genomic transformation of northwest Europe,10.1038/nature25738,en,2,0.9746576345292214
1063_Tracing the chronology_2018.pdf,Berta Morell Rovira,Tracing the chronology of neolithic pit and stone box burials in North-eastern Iberia,10.1016/j.jasrep.2018.03.024,en,2,0.9599937090390266
1064_Dialnet-TexteisArqueologicosPrehistoricosDoTerritorioPortu_2018.pdf,,"* Centro de Ciências e Tecnologias Nucleares (C2TN), Instituto Superior Técnico, Universidade de Lisboa, Campus Tecnológico e Nuclear, Estrada Nacional 10 (km 139, 7), 2695-066 Bobadela LRS, Portugal. amsoares@ctn.tecnico. ulisboa.pt pvalerio@ctn.tecnico. ulisboa.pt",,pt,2,0.9555181299938945
1065_Gassiot-Clemente-2018-Pirineus catalans.pdf,,"Ermengol Gassiot Ballbè, Ignacio Clemente Conte Unes muntanyes amb gent, ramats i camps. Els Pirineus catalans al neolític Monografies del MAC 2, Barcelona 2018, ISBN: 978-84-393-9811-0 (PÀG. 63-75)",10.1016/j.jas.2010.01.007,ca,2,0.8860782901376815
1067_Animal mobility_2019.pdf,Elizabeth Wright,Animal mobility in Chalcolithic Portugal_ Isotopic analyses of cattle from the sites of Zambujal and Leceia,10.1016/j.jasrep.2019.02.005,en,2,0.9436079103491538
1068_Analisis estadistico dataciones_2019.pdf,,"## **ANÁLISIS ESTADÍSTICO DE LAS DATACIONES RADIOCARBÓNICAS DE LA MOTILLA DEL AZUER (DAIMIEL, CIUDAD REAL)**",10.30827/CPAG.v29i0.9780,es,2,1.0
1070_Deciphering Neolithic_2019.pdf,Joan Daura,Deciphering Neolithic activities from a Cardial burial site (Cova Bonica) on the western Mediterranean coast,10.1016/j.jasrep.2018.10.036,ca,2,0.7576428878535558
1071_Dobles exequias_2019.pdf,,01_ok.qxd,10.15366/cupauam2019.45.002,es,2,0.9489725560213418
1072_El_Cerro_Bilanero_primeros_resultados_de_las_excav_2019.pdf,,"_Aportaciones a la investigación, gestión..._ 2019, pp. 47-85",10.30823/recm.02019117,es,2,1.0
1073_mesolitico en Cantabria_2019.pdf,,## **El Mesolítico en Cantabria centro-oriental**,,es,2,0.9669992951791556
1077_Cerro Bilanero_2019.pdf,ALFONSO MONSALVE ROMERA,**==> picture [99 x 842] intentionally omitted <==**,,es,2,0.9547617202803556
1079_Edoetal_neocardial_2019.pdf,"Manuel Edo, Ferran Antolín, Pablo Martinez, Maria Josefa Villalba, Josep Maria Fullola, Maria Mercè Bergadá, Maria Saña, Esther Verdun, Eva Fernandez Dominguez, Cristina Gamba, Eduardo Arroyo-Pardo, Mireia Ache, Juan Gibaja, Antoni Palomo, Xavier Clop, Claire Manen, Fabien Convertini","La cueva de Can Sadurní (Begues, Barcelona): El episodio funerario del neolítico antiguo cardial pleno. Estado actual de la cuestión",10.1038/sj.ejhg.5201156,es,2,1.0
1088_Ana Catarina Sousa - Victor Gonçalves baja_2019.pdf,,## **¡Un brindis por el príncipe!**,10.1002/xrs.2764,es,2,0.963812382821222
"1089_Vista de Secuencia de ocupación y desarrollo constructivo del asentamiento de Caramoro I (Elche, Alicante)_ aportaciones a la arquitectura argárica _ Arqueología de la Arquitectura_2019.pdf",Francisco Javier Jover Maestre,"Secuencia de ocupación y desarrollo constructivo del asentamiento de Caramoro I (Elche, Alicante): aportaciones a la arquitectura argárica ; Occupation sequence and building development in the settlement of Caramoro I (Elche, Alicante): contributions to Argaric architecture",10.3989/arq.arqt.2019.005,es,2,1.0
1090_Case Asturias_2019.pdf,,Fernandez text copy.pdf,,en,2,0.8468989823240116
1091_Vaso decoracion_2019.pdf,Ramón Fábregas Valcarce,"Vaso con decoración cardial de Cova Eirós (Triacastela, Lugo) ; 	A cardial decorated vessel from Cova Eirós (Triacastela, Lugo)",10.3989/tp.2019.12231,es,2,0.9536194485537763
1092_Radiocarbon dating_2020.pdf,,A RADIOCARBON DATING APPROACH TO THE DEPOSITION AND REMOVAL OF HUMAN BONE REMAINS IN MEGALITHIC MONUMENTS,10.1017/RDC.2020.67,en,2,0.7338261362845029
1093_adressing_2020.pdf,A.C. Valera,Addressing human mobility in Iberian Neolithic and Chalcolithic ditched enclosures_ The case of Perdigões (South Portugal),10.1016/j.jasrep.2020.102264,en,2,0.9778318463760888
1094_Pleistocene_2020.pdf,Cristina Gameiro,Archaeology of the Pleistocene-Holocene transition in Portugal_ Synthesis and prospects,10.1016/j.quaint.2020.03.018,en,2,0.953023730691378
1095_Sobrarbe_2020.pdf,,"**SOBRARBE** Revista del Centro de Estudios de Sobrarbe n.º 18, marzo 2020",,es,2,1.0
1096_Builders_2020.pdf,Leonardo García Sanjuán,"Builders of Megaliths_ Society, monumentality and environment in 4th millennium cal BC Antequera",10.1016/j.jasrep.2020.102555,es,2,0.929829550368455
1097_Cingle del mas nou_2020.pdf,MacPro,MONOGRAFIES DE PREHISTÒRIA I ARQUEOLOGIA CASTELLONENQUES 14,10.1371/journal.pone.0115505,ca,2,0.9362908551973989
1098_Destroyed by fire_2020.pdf,"João Pedro Tereso, Raquel Vilaça, Marcos Osório, Leonardo da Fonte, Luís Seabra","Destroyed by fire, preserved through time: crops and wood from a Late Bronze Age/Early Iron Age structure at Vila do Touro (Sabugal, Portugal)",10.5209/cmpl.72484,en,2,1.0
1099_Asentamiento neolitico_2020.pdf,"Gabriel García Atiénzar, Virginia Barciela González, Silvia Martínez Amorós, Francisco Javier Jover Maestre, Francisco Javier Molina Hernández","El asentamiento neolítico de Limoneros (Elche, Alicante)",10.5209/cmpl.71648,es,2,1.0
1100_Cerro alarcos_2020.pdf,Mª del Rosario García Huerta,El cerro de Alarcos (Ciudad Real): Formación y desarrollo de un oppidum ibérico,,es,2,0.946645723063593
1101_poblado calcolitito Vilches_2020.pdf,,"CPAG 31, 2021, 445-447. ISSN: 2174-8063",10.30827/CPAG.v31i0.21292,es,2,1.0
1102_Cerro de los vientos_2020.pdf,Milesi García,"El recinto de fosos calcolítico del Cerro de los Vientos (Puente del Obispo, Jaén)",10.12795/spal.2020.i29.15,es,2,1.0
1103_Area 11_2020.pdf,Antonio Jesús Ortiz Villarejo,El Área 11 de Giribaile. Estructura arquitectónica y materiales de construcción de un almacén ibérico de los siglos IV-II a. C. ; The Area 11 of Giribaile. Architectural structure and building materials of an Iberian warehouse on IV-II BC,10.3989/aespa.093.020.004,es,2,1.0
1104_Fauna e industria_2020.pdf,https://www.researchgate.net/publication/347520668,"See discussions, stats, and author profiles for this publication at: https://www.researchgate.net/publication/347520668",10.15366/cupauam2020.46.002,es,1,0.9470264595683057
1105_Hacia una nueva definicion_2020.pdf,"Elisabet Conlin Hayesa, Rafael M. Martínez Sánchez, Antonio Morgado","Hacia una nueva definición del Neolítico Medio en el sur de la península ibérica: Grañena Baja, Jaén ; Towards a new definition of the Middle Neolithic in the southern Iberian peninsula: Grañena Baja, Jaén",10.3989/tp.2020.12245,es,2,0.8683676022185207
1106_Estratagias agropecuarias_2020.pdf,,**==> picture [46 x 33] intentionally omitted <==**,,es,2,0.9624229168284728
1107_Construccion secular_2020.pdf,,ISSN: 0213-2338 | ISSN-e: 1989-9904 DOI: 10.14198/LVCENTVM2020.39.03,10.14198/LVCENTVM2020.39.03,es,2,1.0
1108_Cronologia fundacional Malaka fenicia_2020.pdf,Suárez Padilla,La cronología fundacional de la Malaka Fenicia: Investigaciones en el solar del Rectorado de la Universidad de Málaga,10.12795/spal.2020.i29.02,es,1,1.0
1109_Mederos-JimenezAvila2020-cronologa-Cancho-Roano-CPAUAM-Anejo4_2020.pdf,https://www.researchgate.net/publication/347297357,"See discussions, stats, and author profiles for this publication at: https://www.researchgate.net/publication/347297357",10.15366/ane4.ochoa2020.007,en,1,0.9674203217444124
1110_la vida en la frontera argárica_2020.pdf,,SERVICIO DE INVESTIGACIÓN PREHISTÓRICA DEL MUSEO DE PREHISTORIA DE VALENCIA,10.3989/tp.2005.v62.i1.61,es,2,0.9430873057375473
1112_Manipulacion de restos humanos en el Bronce medio_2020.pdf,Ángel Esparza Arroyo,"Manipulación de restos humanos en el Bronce Medio meseteño: el fragmento fronto-facial hallado en el yacimiento de La Huelga (Dueñas, Palencia)",10.5209/cmpl.71649,es,2,1.0
1113_mobility across the pre pyrenean_2020.pdf,Vanessa Villalba-Mouco,"Mobility across the pre-Pyrenean mountain ranges during the Chalcolithic through strontium isotopes in human enamel_ La Cueva de los Cristales (Sarsa de Surta, Huesca, Spain)",10.1016/j.jasrep.2020.102343,en,2,1.0
1114_Multi isotope_2020.pdf,,Multi-isotope evidence for the emergence of cultural alterity in Late Neolithic Europe,10.1126/sciadv.aay2169,en,2,0.9775295147693394
1115_New archaelogical_2020.pdf,,**MUNIBE** Antropologia-Arkeologia nº 71 41-57 DONOSTIA 2020 ISSN 1132-2217 • eISSN 2172-4555,10.21630/maa.2020.71.07,en,2,0.9895127329679508
1116_Novos trabalhos_2020.pdf,https://www.researchgate.net/publication/346085481,"See discussions, stats, and author profiles for this publication at: https://www.researchgate.net/publication/346085481",10.21747/978-989-8970-25-1/arqa60,en,1,0.982551994872912
1117_nueva serie de dataciones_2020.pdf,Angélica Santa Cruz del Barrio,"Nueva serie de dataciones radiocarbónicas sobre hueso humano para el dolmen de Los Zumacales (Simancas, Valladolid). Reflexiones sobre la temporalidad del fenómeno megalítico en la Meseta Norte ; New series of radiocarbon data on human bone for Zumacales dolmen (Simancas, Valladolid). Thinking about the temporality of the megalithic phenomenon in the Spanish Northern Meseta",10.3989/tp.2020.12250,es,2,0.979677578263429
1118_Nuevas dataciones_2020.pdf,,**MUNIBE** Antropologia-Arkeologia,10.21630/maa.2020.71.05,es,2,0.9866467037153507
1119_Prehistoric dogs_2020.pdf,,Origins and genetic legacy of prehistoric dogs,10.1126/science.aba9572,en,2,0.9512397992326244
1120_Prospecciones arqueologicas_2020.pdf,,# **ACTAS 14 y 15 NOVIEMBRE 2019**,10.1016/j.quaint.2019.07.025,es,2,0.9508815626417914
1122_The deposition_2021.pdf,,S1461957120000042jra 330..355,10.1017/eaa.2020.4,en,2,0.6379126468150969
1124_The human remains_2020.pdf,Andrea García-Sagastibelza,"The human remains from the Lumentxa cave (Lekeitio, Biscay, Northern Iberian Peninsula): Paleobiology, Taphonomy and Chronology",10.1016/j.quaint.2020.06.043,en,2,1.0
1125_life story_2020.pdf,T. Fernández-Crespo,The life-history of a late Mesolithic woman in Iberia_ A sequential multi-isotope approach,10.1016/j.quaint.2020.06.016,en,2,1.0
1126_Radiocarbon_2020.pdf,Gonzalo Aranda Jiménez,"The radiocarbon chronology and temporality of the megalithic cemetery of Los Millares (Almería, Spain)",10.1007/s12520-020-01057-7,en,2,0.9890071092220127
1127_Wooden technology_2020.pdf,"Rafael Bolado Castillo, Oriol López‐Bultó, Miriam Cubas","WOODEN TECHNOLOGY DURING THE IRON AGE: THE ASPIO CAVE (RUESGA, NORTH SPAIN)",10.1111/ojoa.12183,en,2,0.9836125449647133
1128_AlmeidaValeraalta_2021.pdf,,**==> picture [434 x 93] intentionally omitted <==**,10.15366/archaeofauna2021.30,es,2,0.7950461444493759
1130_Aportaciones_2021.pdf,,"TRABAJOS DE PREHISTORIA 78, N.º 2, julio-diciembre 2021, pp. 344-355, ISSN: 0082-5638 https://doi.org/10.3989/tp.2021.12280",10.3989/tp.2021.12280,es,2,0.9229276794139729
1131_Assessing_2021.pdf,,"ASSESSING THE CHRONOSTRATIGRAPHY OF EL MIRO¨N CAVE, CANTABRIAN SPAIN",10.1017/RDC.2020.121,en,2,0.5763690692886734
1132_Caprine mobility_2021.pdf,,Caprine Mobility on the Balearic Islands During the Middle and Late Bronze Age (ca. 1600–850 BC): Fi,10.1080/14614103.2021.1921675,en,2,1.0
1133_Casas de Don Pedro_2021.pdf,,"SAGVNTVM (P.L.A.V.) 53, 2021: 239 - 244 ISSN: 0210-3729 ISSN _online_ : 2174-517X DOI: 10.7203/SAGVNTVM.53.20969",10.7203/SAGVNTVM.53.20969,en,2,0.9338703773205721
1134_Child burials_2021.pdf,,nº 72 123-140 DONOSTIA,10.21630/maa.2021.72.10,en,2,0.9783022100581725
1135_Poblado_2021.pdf,https://www.researchgate.net/publication/357155729,"See discussions, stats, and author profiles for this publication at: https://www.researchgate.net/publication/357155729",10.30827/cpag.v31i0.18024,es,1,1.0
1136_Revestimiento_2021.pdf,,**MUNIBE** Antropologia-Arkeologia,10.21630/maa.2021.72.02,es,2,0.9545904540141666
1137_Emblems_2021.pdf,✉ robert.risch@uab.cat,S0003598X21000089jra 329..348,10.15184/aqy.2021.8,en,2,0.9829948705588633
1138_Insight_2021.pdf,"Marie Gurke, Amalia Vidal-Gorosquieta, Johanna L. A. Pajimans, Karolina Wȩcek, Axel Barlow, Gloria González-Fortes, Stefanie Hartmann, Aurora Grandal-d’Anglade, Michael Hofreiter",Insight into the introduction of domestic cattle and the process of Neolithization to the Spanish region Galicia by genetic evidence,10.1371/journal.pone.0249537,en,2,0.9319459121407017
1139_Panoplia_2021.pdf,Susana de Luis Mariño,"La panoplia de finales de la IIª Edad del Hierro de la sima de La Cerrosa-Lagaña (Suarías, Peñamellera Baja, Asturias). ¿Un conjunto asociado a las Guerras Cántabras?",10.5209/cmpl.76452,es,1,0.9276462412393267
1140_Multidisciplinary investigation_2021.pdf,Margarita Gleba,Multidisciplinary investigation reveals the earliest textiles and cinnabar-coloured cloth in Iberian Peninsula,10.1038/s41598-021-01349-5,en,2,0.9624539752471419
1141_Neolithic networking_2021.pdf,M. Díaz-Zorita Bonilla,Neolithic networking and mobility during the 5th and 4th millennia BC in north-eastern Iberia,10.1016/j.jas.2020.105272,en,2,0.973451162875808
1142_Nuevas evidencias_2021.pdf,,RAP 31 Montero.indd,10.21001/rap.2021.31.2,es,2,0.9660949421662328
1143_Ritualidad_2021.pdf,Alejo Armijo,Ritualidad en el área de servicio de la cueva santuario del oppidum de Giribaile,10.12795/spal.2021.i30.18,es,2,0.9290701605690783
1144_Secuencias cronologicas_2021.pdf,,**MUNIBE** Antropologia-Arkeologia nº 72 97-110 DONOSTIA 2021 ISSN 1132-2217 • eISSN 2172-4555,10.21630/maa.2021.72.09,es,2,0.9376879550601144
1145_Simbolismo_2021.pdf,,**MUNIBE** Antropologia-Arkeologia nº 72 111-122 DONOSTIA 2021 ISSN 1132-2217 • eISSN 2172-4555,10.21630/maa.2021.72.13,es,2,0.9570700777297066
1146_Subsistence.pdf,T. Fernández-Crespo,Subsistence shift and socio-economic response to cultural and climate changes among north-central Iberian megalithic groups,10.1016/j.jas.2021.105451,en,2,0.970684509838237
1147_Enclave singular_2021.pdf,,**MUNIBE** Antropologia-Arkeologia nº 72 57-69 DONOSTIA,10.21630/maa.2021.72.03,es,2,1.0
1148_Fortificacion_2021.pdf,"Gutiérrez Soler, Luis María",¿La fortificación ibérica de Giribaile? Caracterización formal e interpretación arquitectónica de la muralla de cajones,10.1344/Pyrenae2021.vol52num2.2,es,2,0.9731220461389344
1149_Aportaciones al uso del espacio_2022.pdf,María Pastor Quiles,"Gorgociles del Escabezado II (Jumilla, Murcia). Aportaciones al uso del espacio y a la arquitectura de la Edad del Bronce del sudeste de la península ibérica",10.3989/arq.arqt.2022.001,es,2,1.0
1150_At the begginings_2022.pdf,Eduardo Vijande-Vila,At the beginnings of the funerary Megalithism in Iberia at Campo de Hockey necropolis,10.1038/s41598-022-13014-6,en,2,0.9887239127091368
1151_Cerámica roja_2022.pdf,,cupauam 48|2| (2022) - Páginas 11-43 Recibido: 24-01-2022 - Aceptado: 14-09-2022,10.15366/cupauam2022.48.2.001,es,2,0.9747365525615989
1153_Cueva de la dehesilla_2022.pdf,García Rivero,"Cueva de la Dehesilla: nuevos datos estratigráficos, materiales y radiocarbónicos (corte c006) y revisión de su secuencia neolítica",10.12795/spal.2022.i31.03,es,1,1.0
1154_Deposito ritual_2022.pdf,Rafael Bolado del Castillo,"El depósito ritual de la Edad del Hierro de la cueva del Aspio (Ruesga, Cantabria)",10.5209/cmpl.84159,es,2,1.0
1155_El estudio de las tradiciones tecnicas_2022.pdf,,nº 73 47-64 DONOSTIA 2022 ISSN 1132-2217 • eISSN 2172-4555,10.21630/maa.2022.73.09,es,2,0.9444036592362189
1156_Monumento fundacional_2022.pdf,"María Alejo Armijo, Luis María Gutiérrez Soler, Fernando Prados Martínez, Antonio Jesús Ortiz Villarejo, José Antonio Alejo Sáez",El monumento fundacional de la plataforma inferior de Giribaile (Jaén). Espacio ideológico de arquitectura social y representativa ; The foundational monument of the lower platform of Giribaile (Jaén). An ideological space of social and representative architecture,10.3989/tp.2022.12293,es,2,0.9849954927420802
1157_Oppidum_2022.pdf,,**MUNIBE** Antropologia-Arkeologia nº 73 149-165 DONOSTIA 2022 ISSN 1132-2217 • eISSN 2172-4555,10.21630/maa.2022.73.05,es,2,1.0
1158_Gorgociles_2022.pdf,María Pastor Quiles,"Gorgociles del Escabezado II (Jumilla, Murcia). Aportaciones al uso del espacio y a la arquitectura de la Edad del Bronce del sudeste de la península ibérica",10.3989/arq.arqt.2022.001,es,2,1.0
1159_Cronologia temporalidad_2022.pdf,José E. Márquez-Romero,"Investigaciones en el Sector L1 del Complexo arqueológico dos Perdigões (Reguengos de Monsaraz, Portugal): cronología y temporalidad de dos recintos de fosos calcolíticos (F1 y F2) = Researchs in Sector l1 of the Complexo Arqueológico dos Perdigões (Reguengos de Monsaraz, Portugal): Chronology and Temporality of two Chalcolithic Pit Enclosures (f1 and f2)",10.14201/zephyrus2022895783,es,2,0.9561018395098688
1160_La ceramica del neolitico antiguo_2022.pdf,Daniel García Rivero,La cerámica del Neolítico antiguo de la Cueva de los Murciélagos de Zuheros,10.5209/cmpl.84154,es,2,0.9901104213690243
1161_La comunidad prehistorica_2022.pdf,,Microsoft Word - Recensiones.docx,,en,2,0.943612831441947
1162_La sima del ciervo_2022.pdf,,Microsoft Word - MAQUETADO Laborda.docx,10.26754/ojs_salduie/sald.2022227339,es,2,0.9451821522268589
1163_Nuevas dataciones_2022.pdf,,cupauam 48|1| (2022) - Páginas 11-29 Recibido: 21-08-2021 - Aceptado: 04-05-2022,10.15366/cupauam2022.48.1.001,es,2,0.9276586511936069
1164_Nuevo tipo enterrador_2022.pdf,Benítez de Lugo Enrich,"Bocapucheros (Almagro, Ciudad Real): nuevo tipo de enterramiento tumular en la Cultura de las Motillas",10.12795/spal.2022.i31.19,es,1,0.869152083252037
1165_O cocheiro_2022.pdf,Sousa,"O concheiro do Lisandro (Mafra, Lisboa, Portugal): novos dados sobre a exploração de recursos aquáticos no Neolítico da Península de Lisboa",10.12795/spal.2022.i31.02,pt,2,0.9380845384428514
1166_Produccion y consumo de marfil_2022.pdf,,cupauam 48|2| (2022) - Páginas 79-106 Recibido: 01-12-2022 - Aceptado: 14-12-2022,10.15366/cupauam2022.48.2.003,es,2,0.978746255850531
1167_The chronology_2022.pdf,Salvador Pardo-Gordó,The chronology of archaeological assemblages based on an automatic Bayesian procedure: Eastern Iberia as study case,10.1016/j.jas.2022.105555,en,2,0.9773540351869942
1168_The mesolithic of atlantic coastal spain_2022.pdf,Geoffrey A. CLARK,The Mesolithic of Atlantic Coastal Spain,10.5852/cr-palevol2022v21a3,fr,2,0.9573004251656047
1169_The tempo of the iberian megalithic_2022.pdf,Gonzalo Aranda Jiménez,The tempo of the Iberian megalithic rituals in the European context: The cemetery of Panoría,10.1016/j.jas.2022.105579,en,2,0.9860460987701418
1170_Alabarda argarica_2022.pdf,Luis Benítez de Lugo Enrich,"Una alabarda argárica en la motilla de El Retamar (Argamasilla de Alba, Ciudad Real): contexto, datación, procedencia e interpretación",10.5209/cmpl.80887,es,2,1.0
1171_Practicas funerarias_2023.pdf,Daniel García Rivero,Actas del VII Congreso,10.12795/9788447224234,es,2,1.0
1172_A multi-stage bayesian modelling_2023.pdf,Oreto García-Puchol,"A multi-stage Bayesian modelling for building the chronocultural sequence of the Late Mesolithic at Cueva de la Cocina (Valencia, Eastern Iberia)",10.1016/j.quaint.2023.05.015,en,2,0.9548658113712526
1173_Animal exploitation_2023.pdf,"Nelson J. Almeida, Miguel Serra, Eduardo Porfírio, Sofia Silva","Animal exploitation in Southwestern Iberia at the end of the second millennium BCE: insights from the Late Bronze Age of Outeiro do Circo (Beja, Portugal)",10.5209/cmpl.88939,en,2,0.8399949842131434
1174_Aproximaciones bayesianas_2023.pdf,María Pilar Escribá Ruiz,"Aproximación bayesiana a las dinámicas secuenciales de los campos de hoyos. El caso de Camí de Missena (La Pobla del Duc, València) = Sequential Dynamics Linked with Negative Structures through a Bayesian Approximation. The Case of Camí de Missena (La Pobla del Duc, València)",10.14201/zephyrus2023913756,en,1,1.0
1175_Cronologia minas neoliticas Can Tintorer_2023.pdf,,nº 74 Online First DONOSTIA,10.21630/maa.2023.74.02,es,2,0.9743192035919814
1176_betilos_2023.pdf,Nión-Álvarez,"El Edificio de los Betilos (Castro de Elviña, A Coruña): religiosidad e interacciones culturales en la Edad del Hierro del NoroesteEl Edificio de los Betilos (Castro de Elviña, A Coruña): religiosidad e interacciones culturales en la Edad del Hierro del Noroeste",10.12795/spal.2023.i32.14,es,2,1.0
1177_Funerary practices in megalithic tombs_2023.pdf,Lara Milesi García,Funerary practices in megalithic tombs during the Argaric Bronze Age in South-Eastern Iberia: The cemetery of Los Eriales,10.1016/j.jasrep.2023.103972,en,2,1.0
1178_NewMegalithicMonumentAntequeraWorldHeritageSite-Antiquity_2023.pdf,,S0003598X23000352jra 1..20,10.15184/aqy.2023.35,en,2,0.932128046021605
1179_La_Balma_del_Barranc_de_La_Fontanella_Vilafranca_C_2023.pdf,Dídac Román,"La Balma del Barranc de la Fontanella (Vilafranca, Castelló) y sus implicaciones en el conocimiento del Mesolítico Geométrico del Mediterráneo ibérico y el Valle del Ebro",10.5209/cmpl.88937,es,1,1.0
1180_Aguilella_et_al2023CovachaBarrancoFrailes.pdf,Aguilella,"La Covacha del barranco de los Frailes (Mosqueruela, Teruel): una pequeña cavidad sepulcral de la Edad del Bronce",10.1344/Pyrenae2023.vol54num2.1,ca,1,1.0
1181_CuestaRomero2023metalurgia.pdf,"Julián Cuesta Romero, Ignacio Ruiz Vélez, Marta Francés Negro, Eduardo Bartolomé Monzón, María Victoria Palacios Palacios, Desiderio Marina González, Doroteo Gonzalo Mozo, Miguel Arribas Alonso","La minería y metalurgia del hierro como actividad especializada en el castro de La Cabeza (Huerta Abajo, Burgos)",10.5209/cmpl.88942,es,2,0.9751268847983586
1182_The earliest basketry in southern Europe_2023.pdf,"Francisco Martínez-Sevilla, Maria Herrero-Otal, María Martín-Seijo, Jonathan Santana, José A. Lozano Rodríguez, Ruth Maicas Ramos, Miriam Cubas, Anna Homs, Rafael M. Martínez Sánchez, Ingrid Bertin, Rosa Barroso Bermejo, Primitiva Bueno Ramírez, Rodrigo de Balbín Behrmann, Antoni Palomo Pérez, Antonio M. Álvarez-Valero, Leonor Peña-Chocarro, Mercedes Murillo-Barroso, Eva Fernández-Domínguez, Manuel Altamirano García, Rubén Pardo Martínez, Mercedes Iriarte Cela, Javier L. Carrasco Rus, Carmen Alfaro Giner, Raquel Piqué Huerta",The earliest basketry in southern Europe: Hunter-gatherer and farmer plant-based technology in Cueva de los Murciélagos (Albuñol),10.1126/sciadv.adi3055,en,2,0.9618470816349103
1183_Necrópolis+de+Alcaide+Capítulo+4_2024.pdf,,**Cronología** Lara Milesi García Víctor Jiménez-Jáimez Alfonso Palomo Laburu,10.12795/spal.2021.i30.02._,es,2,0.9186771092121961
1184_Necropolis prehistorica de sepulcros excavados en el cortijo de Alcaide_2024.pdf,,"Necrópolis prehistórica de sepulcros excavados en roca en el cortijo de Alcaide **(Antequera, Málaga)**",10.1002/oa.719_,es,2,0.9734571393228993
1185_Huet-NeoNet Atlantic-2024.pdf,Thomas Huet,NeoNet Atlantic. Radiocarbon Dates for the Late Mesolithic/Early Neolithic Transition in the Southern European Atlantic Coast,10.5334/joad.120,en,2,0.9818354042960714
1187_DiazDelRio_strontium_mobility_Iberia_2022.pdf,Pedro Díaz-del-Río,Paleomobility in Iberia: 12 years of strontium isotope research,10.1016/j.jasrep.2022.103653,en,1,0.7630656922022818
1190_1999.pdf,,,,en,0,1.0
433_2000.pdf,M. Oliva Rodríguez-Ariza,"Conservación y puesta en valor del yacimiento argárico de Castellón Alto (Galera, Granada)",,es,2,0.21570115114433688
435_2000.pdf,https://www.researchgate.net/publication/367392209,"See discussions, stats, and author profiles for this publication at: https://www.researchgate.net/publication/367392209",,en,1,1.0
439_2000.pdf,ANGEL,Presentación de PowerPoint,,en,1,0.9073987510405341
440_2000.pdf,Dirk Brandherm,"El poblamiento argárico de Las Herrerías (Cuevas de Almanzora, Almería) según la documentación inédita de L. Siret",,es,2,0.21477661123234054
442_2000.pdf,,**==> picture [212 x 216] intentionally omitted <==**,,en,0,1.0
443_2000.pdf,https://www.researchgate.net/publication/367395820,"See discussions, stats, and author profiles for this publication at: https://www.researchgate.net/publication/367395820",,en,1,1.0
446_2000.pdf,,## **EXPRESIONES FUNERARIAS DE LA PREHISTORIA RECIENTE DE CARMONA (SEVILLA) EXPRESIONES FUNERARIAS DE LA PREHISTORIA RECIENTE DE CARMONA FUNERARY EXPRESIONS FROM THE RECENT PREHISTORY OF CARMONA (SEVILLA) (SEVILLA)**,10.12795/spal.2000.i9.21,es,2,0.9143306848948078
447_2000.pdf,,,,en,2,0.7727903070145365
450_2000.pdf,Sebastián Celestino Pérez,"Investigación, adecuación y musealización del santuario protohistórico de Cancho Roano (Zalamea de la Serena, Badajoz)",,es,2,0.20700613776774113
451_2000.pdf,Germán Delibes de Castro,Itinerario arqueológico de los dólmenes de Sedano (Burgos),,es,2,0.21763389581954548
452_2000.pdf,Natàlia Alonso,"“La fortaleza de Arbeca. El proyecto Vilars 2000”. Investigación, recuperación y socialización del conocimiento y del patrimonio",,es,2,0.22624779071928325
454_2000.pdf,,,,es,2,1.0
455_2000.pdf,,**MUNIBE** (Antropologia-Arkeologia) Supl. Nº 12 11-211 SAN SEBASTIAN 2000 ISSN 1132-2217,,es,2,0.9377684346657946
456_2000.pdf,ANGEL,Presentación de PowerPoint,,en,1,1.0
458_2000.pdf,,**==> picture [34 x 13] intentionally omitted <==**,,en,2,0.8516971813297557
460_2000.pdf,,"_Complutum_ , 11, 2000: 63-85",,es,2,0.9441673038857729
462_2000.pdf,,"_Complutum_ , 11, 2000: 191-208",,es,2,0.9278022660219424
466_2001.pdf,,A Anta 2 da Herdade de Santa Margarida (Reguengos de Monsaraz),,pt,2,0.981280580988936
467_2001.pdf,,,,en,0,1.0
469_2001.pdf,Josep Antoni Alcover,Bases per al coneixement del contacte entre els primers colonitzadors humans i la naturalesa de les Balears,,en,0,1.0
472_2001.pdf,,Microsoft Word - Cueva Oscura de Ania.doc,,unknown,0,1.0
473_2001.pdf,https://www.researchgate.net/publication/373294921,"See discussions, stats, and author profiles for this publication at: https://www.researchgate.net/publication/373294921",,en,1,0.9639037755478919
476_2001.pdf,Q3,00-primeras,,es,1,0.8627614636136668
478_2001.pdf,Carmen Cacho Quesada,El Tossal de la Roca (Alicante). Nuevos datos sobre el Magdaleniense Mediterráneo de la Península Ibérica,,es,2,0.22341523235743094
479_2001.pdf,,,,en,0,1.0
480_2001.pdf,Víctor Manuel Guerrero Ayuso,El megalitismo mallorquín en el contexto del Mediterráneo Occidental,,es,2,0.9261687517878145
482_2001.pdf,Q3,00-primeras,,es,2,0.9647099287723571
483_2001_error.pdf,https://www.researchgate.net/publication/270338105,"See discussions, stats, and author profiles for this publication at: https://www.researchgate.net/publication/270338105",,es,1,0.8077634329994786
484_2001.pdf,,## II ACTIVIDADES SISTEMÁTICAS Y PUNTUALES,,es,2,0.9753483098564653
485_2001.pdf,,_**La campaña de excavación de 2001 en Biniparratx Petit (Menorca). Avance de los primeros análisis radiocarbónicos**_,,es,2,0.9575815539692434
486_2001.pdf,,,,en,2,0.8269778116700145
489_2001.pdf,,Radiocarbon evidence for maritime pioneer colonization at the origins of farming in west Mediterranean Europe,,en,2,0.9650976298468718
490_2001.pdf,,## III ACTIVIDADES DE URGENCIA,,es,2,0.9785755045559964
491_2001.pdf,Administrador,Revisiting,10.1017/S0079497X00001687,en,2,0.9331954298453824
575_JuanCabanillesetal_2005.pdf,https://www.researchgate.net/publication/279058176,untitled,10.13140/RG.2.1.2578.9600,es,1,0.9353762659000195
576_santa_MAria_De_Castro_2005.pdf,,,,en,0,0.9757259631436579
577_yacimiento_Calcolitico_Santa_Lucia_2005.pdf,,ESTUDIOS DE ARQUEOLOGIA ALAVESA. TOMO 22,,es,2,0.9242645762094972
580_2005.pdf,,**==> picture [105 x 13] intentionally omitted <==**,,en,0,0.9828694858201519
583_2005.pdf,,**EL CAMPAMENTO PREHISTÓRICO DE MENDANDIA: Ocupaciones mesolíticas y neolíticas entre el 8500 y el 6400 b.P.**,,en,2,0.8904013638802968
586_2005.pdf,mdn Hübner GmbH,1841711543,10.30861/9781841711546,en,1,0.5570635319625143
587_2005.pdf,,**==> picture [595 x 69] intentionally omitted <==**,,en,0,0.696781056160055
591_2005.pdf,,**==> picture [431 x 614] intentionally omitted <==**,,es,2,0.934388268608415
593_2005.pdf,lasmthwm,Microsoft Word - Elpedroso.doc,,en,1,1.0
594_2005.pdf,g5,RAP 1.indd,,es,2,1.0
595_2005.pdf,,"|l.|PLANTEAMIENTOS GENERALES......... .......... .............. .... . . ...... . ....., . . .|7|",,es,2,0.9710455762012561
596_2005.pdf,,_Encuentro de Jóvenes Investigadores sobre Bronce Final y Edad del Hierro en la Península Ibérica_,,es,2,0.9676042825671936
598_2005.pdf,Norberto Mesado Oliver,TVSIP105_Mesado,,es,2,0.9387039403387333
599_2005.pdf,,"Anejos de _AEspA_ XXXV, 2005, pág. 305",,en,2,0.9268638984938122
600_2005.pdf,https://www.researchgate.net/publication/291024488,"See discussions, stats, and author profiles for this publication at: https://www.researchgate.net/publication/291024488",,en,1,0.9664120068628108
601_2005.pdf,,Planimetría general del proyecto de musealización de Toralla.,,es,2,0.9604503496722576
604_2005.pdf,,"## **LOS฀POYOS฀DEL฀MOLINILLO฀(FRIGILIANA).฀ NUEVO฀YACIMIENTO฀DE฀LA฀EDAD฀DEL฀BRONCE฀EN฀LA฀ AXARQUÍA฀ORIENTAL฀(MÁLAGA,฀ANDALUCÍA)***",,es,2,0.9334904555185534
605_2005.pdf,Enrique,Microsoft Word - Pages from 1 to 44.doc,10.30861/9781841718316,en,1,0.47911904451332626
606_2005.pdf,cltbecssti,2002-2003_3,,ca,2,1.0
610_2005.pdf,Quim,01 article.qxp,,es,2,0.9675832478207235
611_2005.pdf,https://www.researchgate.net/publication/28148518**,"**See discussions, stats, and author profiles for this publication at: https://www.researchgate.net/publication/28148518**",,es,1,0.9042100844584248
612_2005.pdf,Patricia Mañana Borrazas,"Túmulo 5 de Forno dos Mouros (Ortigueira, A Coruña). Primeiros resultados",,es,2,0.2141737817094267
614_2005.pdf,Ignacio1,001,,es,2,0.8935033662624101
615__2006.pdf,Administrator,Soares.fm,10.1017/S0033822200035384,en,2,0.9770113073803971
616_2006.pdf,Maria Pilar,capitol 1-bo,,es,2,1.0
617_2006.pdf,,"**EL ABRIC DE LA FALGUERA (Alcoi, Alacant). 8.000 años de ocupación humana en la cabecera del río de Alcoi**",,es,2,0.9954696687767149
619_2006.pdf,Usuario,Saldvie_6(Montes Martinez).qxp,,es,2,0.9806079784286086
620_2006.pdf,,**==> picture [41 x 155] intentionally omitted <==**,,es,2,0.8027150187931694
621_2006.pdf,,# **LA NECRÓPOLIS DE MEDELLÍN I. LA EXCAVACIÓN Y SUS HALLAZGOS**,,es,2,0.961116827903595
622_2006.pdf,,Ocupación prehistórica Illeta,,es,2,0.9173064620616092
623_2006.pdf,JUAN,01 Yolanda Alvarez,,es,2,0.9342017728336873
624_2007.pdf,,## **A datação pelo radiocarbono das fases de ocupação do Porto das Carretas: algumas relexões sobre a cronologia do Campaniforme**,,en,2,0.9893772465678526
626_2007.pdf,Arrabal,"09. Gema ElviraÉ, Eduardo É",,es,2,0.9566695164226323
627_2007.pdf,,"## CAMPO DE HOYOS CON CERÁMICAS PROTOCOGOTAS EN LA CUENCA MEDIA DEL GUADIANA: EL CARRASCALEJO, BADAJOZ",,es,2,0.9203435477231603
630_2007.pdf,,**==> picture [19 x 787] intentionally omitted <==**,,es,2,1.0
647_2008.pdf,,BSSA,,es,2,0.9622956502967736
648_2008.pdf,,"NUEvOS DATOS SOBRE LA CRONOLOGÍA DEL SEPULCRO MEGALÍTICO DEL «TESORILLO DE LA LLANÁ» (ALOzAINA, MÁLAGA)",,es,2,0.9242286227348232
649_2008.pdf,,"## **O Casarão da Mesquita 3 (S. Manços, Évora): um sítio de fossas “silo” do Bronze Pleno/Final na Encosta do Albardão**",,pt,2,0.982407516828666
651_2008.pdf,Usuario,Microsoft Word - S-1-05-SAN_CHUIS.doc,,es,2,1.0
652_2008.pdf,F. Xavier Oms Arias,"Caracterizació tècnica, tipològica i cronològica de les ceràmiques del Neolític antic de la Cova Colomera (Prepirineu de Lleida)",,ca,2,0.907254311796742
653_2008.pdf,,## DINÁmICA ANTrÓPICA EN El BIErZO (lEÓN) DESDE ÉPOCA rOmANA: ESTUDIO PAlINOlÓGICO DE CASTrO VENTOSA,,es,2,0.9166233692653083
654_2008.pdf,,- IV congreso neolítico tomo II.indb,,es,2,0.6476615618667153
655_2008.pdf,,- IV congreso neolítico tomo I.indb,,es,2,0.6502929392870278
656_2008.pdf,,01_01,,ca,2,0.9789604443983719
657_2008.pdf,,- IV congreso neolítico tomo I.indb,,es,2,0.7523552669302619
659_2008.pdf,jesus.jimenez.guijar,pub_58.pdf,,es,2,0.897243425405638
660_2008.pdf,,"## **ENTERRAMIENTO MASCULINO EN FOSA, CUBIERTO DE CANTOS RODADOS, EN EL NEOLÍTICO ANTIGUO DE LA CUEVA DE CHAVES**",,es,2,0.9666543485054994
661_2008.pdf,,"## **ESTRUCTURA, CONTEXTO Y CRONOLOGÍA DE LA MINA DE SÍLEX DE CASA MONTERO (MADRID)**",,es,2,1.0
662_2008.pdf,Thierry Aubry,"Palaeolithic engravings and sedimentary environments in the COa River Valley (Portugal): implications for the detection, interpretation and dating of open-air rock art",10.1016/j.jas.2010.07.033,en,2,0.9342759329513279
663_2008.pdf,,- IV congreso neolítico tomo II.indb,,es,2,0.880298618560758
664_2008.pdf,,**==> picture [158 x 78] intentionally omitted <==**,,unknown,0,1.0
665_2008.pdf,,untitled,,es,2,1.0
666_2008.pdf,,- IV congreso neolítico tomo I.indb,,es,2,0.918327579047412
667_2008.pdf,Usuario,Geo45 (2).PMD,,es,2,0.8786773415755419
669_2008.pdf,,- IV congreso neolítico tomo I.indb,,es,2,0.9653003459136896
670_2008.pdf,,"Vilalba, Lugo (ESP) ISSN: 1134-6787",,es,2,0.9750218140001695
671_2008.pdf,https://www.researchgate.net/publication/236175985,"See discussions, stats, and author profiles for this publication at: https://www.researchgate.net/publication/236175985",,en,1,1.0
672_2008.pdf,,00-PRIMERAS.indd,,es,2,1.0
673_2008.pdf,,- IV congreso neolítico tomo I.indb,,es,2,1.0
675_2008.pdf,,- IV congreso neolítico tomo II.indb,,es,2,0.6697033846296995
676_2009.pdf,Carmen Alonso Fernández,"El depósito de armas del bronce final de «Los Cascajos», Grañón (La Rioja)",,es,2,1.0
677_2009.pdf,,## 46. A view from the edges: the Mesolithic settlement of the interior areas of the Iberian Peninsula reconsidered,,en,2,0.919672262605127
678_2009.pdf,Rui,Rui Boaventura,,pt,2,0.9654759769401948
678_2009_1.pdf,Rui,## UNIVERSIDADE DE LISBOA,,pt,2,0.9727725782226059
678_2009_2.pdf,Rui,Rui Boaventura,,pt,2,0.964466929734707
679_2009.pdf,Jorge Martínez-Moreno,Balma Guilanyà (Prepirineo de Lleida) y el Aziliense en el noreste de la Península Ibérica,10.3989/tp.2009.09021,es,2,0.9186667234470633
680_2009.pdf,,"UDK 903.2(36)""633\634"">551.583>314.18",10.4312/dp.36.4,en,2,1.0
681_2009.pdf,Georges Sauvet,Untitled,,en,0,0.8212196795196146
682_2009.pdf,,"TRABAJOS DE PREHISTORIA 66, N.º 1, enero-junio 2009, pp. 145-159, ISSN: 0082-5638 doi: 10.3989/tp.2009.09017",10.3989/tp.2009.09017,es,2,0.9528182355412333
683_2009.pdf,,"TRABAJOS DE PREHISTORIA 66, N.º 1, enero-junio 2009, pp. 145-159, ISSN: 0082-5638 doi: 10.3989/tp.2009.09017",10.3989/tp.2009.09017,es,2,0.9517116890838714
684_2009.pdf,,**==> picture [437 x 21] intentionally omitted <==**,,en,2,1.0
685_2009.pdf,Joaquín Lomba Maurandi et. al.,"El enterramiento múltiple, calcolítico, de Camino del Molino (Caravaca, Murcia). Metodología y primeros resultados de un yacimiento excepcional",10.3989/tp.2009.09025,es,2,0.9502101878570506
686_2009.pdf,https://www.researchgate.net/publication/257934661,Libro 1.indb,,en,1,1.0
689_2009.pdf,,## **Entre vivos e mortos**,,pt,2,0.955349993911146
690_2009.pdf,juandiaz,"catalogo el argar.1-33.ps, page 1-33 @ Normalize ( catalogo el argar.indd )",,es,2,1.0
692_2009.pdf,https://www.researchgate.net/publication/262882224,"See discussions, stats, and author profiles for this publication at: https://www.researchgate.net/publication/262882224",,en,1,1.0
693_2009.pdf,,"Holocene vegetational landscapes of NE Iberia: charcoal analysis from Cova de la Guineu, Barcelona, Spain",10.1177/0959683609105301,en,2,0.9846199593481901
694_2009.pdf,Libreria General,Saldvie_9(Maria Victoria Pastor).qxp:MaquetaciÉn 1,,es,2,0.9354445914180204
695_2009.pdf,,La Cova de les Cendres,,es,2,0.9691284725419843
697_2009.pdf,Libreria General,Saldvie_9(Fernanda Blasco).qxp:MaquetaciÛn 1,,es,2,1.0
698_2009.pdf,https://www.researchgate.net/publication/267097226,untitled,,en,1,1.0
699_2009.pdf,Nuno Ferreira Bicho,On the Edge: Early Holocene Adaptations in Southwestern Iberia,,en,2,0.9789835911755947
700_2009.pdf,Sergio García Catalán,"Palimpsestos y cambios culturales en el límite Pleistoceno-Holoceno: el conjunto lítico de Picamoixons (Alt Camp, Tarragona)",10.3989/tp.2009.0919,es,2,0.8723323744872395
701_2009.pdf,P. González-Sampériz; P. Utrilla; C. Mazo; B. Valero-Garcés; MC. Sopena; M. Morellón; M. Sebastián; A. Moreno; M. Martínez-Bea,Patterns of human occupation during the early Holocene in the Central Ebro Basin (NE Spain) in response to the 8.2 ka climatic event,10.1016/j.yqres.2008.10.006,en,2,0.9690491034773433
702_2009.pdf,Beatriz,Microsoft Word - pag. en blanco.doc,,es,2,1.0
703_2009.pdf,zhou rong,RADIOCARBON DATES FROM THE OXFORD AMS SYSTEM: ARCHAEOMETRY DATELIST 33,10.1111/j.1475-4754.2008.00457.x,en,2,0.9791364874923019
704_2009.pdf,,THE AMINOCHRONOLOGY OF MAN‐INDUCED SHELL MIDDENS IN CAVES IN NORTHERN SPAIN*,10.1111/j.1475-4754.2008.00383.x,en,2,0.7761306420266966
705_2009.pdf,78920308V,bar.indb,,en,2,0.8644931019091481
706_2009.pdf,,ARCHAEOFAUNA,,es,2,0.9261839949428383
707_2009.pdf,,"QUAD. PREH. ARQ. CAST. 27, 2009",,ca,2,1.0
708_2009.pdf,,"TRABAJOS DE PREHISTORIA 66, N.º 1, enero-junio 2009, pp. 115-122, ISSN: 0082-5638 doi: 10.3989/tp.2009.09015",10.3989/tp.2009.09015,es,2,0.9399189937713837
710_2010_ams-dating-of-human-bone-from-cova-de-la-pastora-new-evidence-of-ritual-continuity-in-the-prehistory-of-eastern-spain.pdf,Mark McClure,McClure.fm,10.1017/S0033822200045008,en,2,0.9850810965093396
"713_2010_alopezm,+Documento.pdf",,Maquetación 1,,es,2,0.890062215609727
714_2010_BlancoRotea_2010_CarballeiraEspirituSto_TAPA41.pdf,Rosa Costas,01_TAPA41.qxd:TAPA 41.qxd,,es,2,0.9548737378004725
715_2010_cavidades_funerario_neolitico.pdf,,untitled,,es,2,0.9318800946472565
717_2010_Bettencourt 2010 Pré-História do Leça.pdf,endovelicus,Book_RMemoria_PreHist,,pt,2,0.8318288163195462
718_2010_2010-4-Carvalho et  al data barley Promontoria.pdf,,"# **Datación directa de cebada (** _**Hordeum vulgare**_ **L.) de la Cueva de Los Mármoles (Córdoba, España)**",,es,2,0.9745506315777042
721_2010_El_Poblado_de_El_Castanuelo_Aracena_y_el.pdf,Manolo,Microsoft Word - 1,,es,2,0.9417188538979262
723_2010_344-Texto del artículo-349-1-10-20110112.pdf,María Soledad García Martínez,"Gestión del combustible leñoso e impacto medioambiental asociados a la metalurgia protohistórica de Punta de los Gavilanes (Mazarrón, Murcia)",10.3989/tp.2010.10055,es,2,0.9632921486716695
725_2010_Hipogeus funerarios_2011.pdf,Catarina ALVES,"Hipogeos funerarios del Bronce Pleno en Torre Velha 3 (Serpa, Portugal)",,pt,2,0.9555724427579756
727_2010_TIT_Velasquez.pdf,Don Wajari,**==> picture [65 x 49] intentionally omitted <==**,,es,2,0.9406001341370471
728_2010_1-s2.0-S0003552110000749-main.pdf,,doi:10.1016/j.anthro.2010.07.004,10.1016/j.anthro.2010.07.004,fr,2,0.9331379367185911
730_2010_Dialnet-LaCuevaDeLasOrcillas1-3367462.pdf,,"**La cueva de Las Orcillas 1: una estación de los últimos cazadores-recolectores en La Berrueza (Mendaza-Acedo, Navarra)**",,es,2,0.9614993692404402
731_2010_187-Texto del artículo-191-1-10-20100719.pdf,Ana M. S. Bettencourt,La Edad del Bronce en el Noroeste de la Península Ibérica: un análisis a partir de las prácticas funerarias,10.3989/tp.2010.10034,es,2,0.9489803378476381
736_2010_Texto del artículo-188-1-10-20100719.pdf,Jordi Roig,"La necrópolis de Can Gambús-1 (Sabadell, Barcelona). Nuevos conocimientos sobre las prácticas funerarias durante el Neolítico medio en el Noreste de la Península Ibérica",10.3989/tp.2010.10031,es,2,0.9093443348947068
737_2010_Texto del artículo-187-1-10-20100719.pdf,Gabriel García Atiénzar,Las comarcas centromeridionales valencianas en el contexto de la Neolitización de la fachada noroccidental del Mediterráneo,10.3989/tp.2010.10030,en,2,0.9163234966446635
738_2010_Texto del artículo-192-1-10-20100719.pdf,Dionisio Urbina Martínez,"Las Lunas, Yuncler (Toledo). Un depósito de materiales metálicos del Bronce Final en la Submeseta Sur de la Península Ibérica",10.3989/tp.2010.10035,es,2,1.0
739_2010_O_Neolitico_antigo_da_Baixa_Estremadura.pdf,,,,en,0,0.8836610714486302
740_2010_1-s2.0-S0305440310001974-main.pdf,Cleia Detry,"On some remains of dog (Canis familiaris) from the Mesolithic shell-middens of Muge, Portugal",10.1016/j.jas.2010.06.011,en,2,0.9520719044765562
741_2010_Gibaja-2010-Prácticas funerarias durante el neolítico...pdf,Juan Francisco Gibaja,Prácticas funerarias durante el neolítico.Los enterramientos infantiles en el norestede la Península Ibérica,,es,2,0.9900243326381029
742_2010_Texto del artículo-189-1-10-20100719.pdf,Manuel Eleazar Costa Caramé,"The Copper Age Settlement of Valencina de la Concepción (Seville, Spain): Demography, Metallurgy and Spatial Organization",10.3989/tp.2010.10032,en,2,1.0
743_2010_The Emergence of Muge Mesolithic Shell Middens in Central Portugal and the 8200 cal yr BP Cold Event.pdf,,The Emergence of Muge Mesolithic Shell Middens in Central Portugal and the 8200 cal yr BP Cold Event,10.1080/15564891003638184,en,2,0.9355958400180515
744_2010_Llorente2010-TheharesfromCovaFosca-.pdf,https://www.researchgate.net/publication/258831682,ARCHAEOFAUNA,,en,1,1.0
745_2010_The_Neolithic_Early_Bronze_Age_Mortuary.pdf,,"## The Neolithic-Early Bronze Age Mortuary Rockshelter of Bolores, Torres Vedras, Portugal",10.1179/009346910X12707320296630,en,2,0.9742865362286534
746_2010_the-radiocarbon-chronology-of-el-miron-cave-cantabria-spain-new-dates-for-the-initial-magdalenian-occupations.pdf,Mark McClure,Straus.fm,10.1017/S003382220004501X,en,2,1.0
747_2010_25859977.pdf,MacPro,arqueo61(primeras).qxd:Maquetación 1,,es,2,1.0
748_2010_Salduie10_Arenal_Domingo.pdf,Libreria General,Saldvie_10(Pilar Utrilla).qxp:MaquetaciÛn 1,,es,2,0.9339792616829878
749_2010_s2.0-S0305440310002566-main.pdf,Carlos P. Odriozola,"Variscite source and source analysis: testing assumptions at Pico Centeno (Encinasola, Spain)",10.1016/j.jas.2010.07.016,en,2,0.9673197407748254
750_2011.pdf,"María del Carmen ALAMEDA CUENCA-ROMERO, Eduardo CARMONA BALLESTERO,",El “campo de hoyos” calcolítico de Fuente Celada (Burgos): datos preliminares y perspectivas,10.5209/rev_CMPL.2011.v22.n1.3,es,2,0.9364786637431158
751_2011.pdf,u07011,Estudos Arqueologicos_18_Ficheiro Final para cliente.pdf,,pt,2,0.9678239454477515
752_2011.pdf,,Archaeological charcoal: natural or human impact on the vegetation,,en,2,0.9388264793558025
753_2011.pdf,Miguel Ángel López Marcos,Arquitectura defensiva en el Castro de Castromaior (Lugo). Análisis de las técnicas constructivas en el acceso al recinto central del poblado - Defensive architecture in the fort of Castromaior (Lugo). The analysis of the building techniques of the access to the main enclosure of the village,10.3989/arqarqt.2011.10017,es,2,1.0
755_2011.pdf,Admin,Microsoft Word - Bueno_0.docx,,en,2,0.9433606280616644
757_2011.pdf,,Gianotti et al.indd,10.1017/S0959774311000436,en,2,0.9723597504568612
758_2011.pdf,,**==> picture [114 x 160] intentionally omitted <==**,,es,2,0.9258733741543963
759_2011.pdf,G. Pérez Jordà,"La Vital (Gandia, Valencia). Vida y muerte en la desembocadura del Serpis durante el III y el I milenio a.C.",,es,2,0.9685709050127114
760_2011.pdf,,SAGVNTVM PAPELES DEL LABORATORIO DE ARQUEOLOGÍA DE VALENCIA EXTRA-12,,ca,2,1.0
761_2011.pdf,Albert,Pyrenae 42-1_Pyrenae,10.1029/2008GC002096,es,2,0.9149233463753702
762_2011.pdf,Yurena Yanes,Holocene paleoenvironment (&sim;7200-4000&nbsp;cal BP) of the Los Castillejos archaeological site (SE Spain) inferred from the stable isotopes of land snail shells,10.1016/j.quaint.2011.04.031,en,2,1.0
763_2011.pdf,J. Emili Aura,Human responses to Younger Dryas in the Ebro valley and Mediterranean watershed (Eastern Spain),10.1016/j.quaint.2011.01.023,en,2,0.9827894070690446
764_2011.pdf,,04 RECERQUES 20.indd,,ca,2,0.9600707821374442
765_2011.pdf,,SAGVNTVM PAPELES DEL LABORATORIO DE ARQUEOLOGÍA DE VALENCIA EXTRA-12,,ca,2,1.0
767_2011.pdf,Jorge Martínez-Moreno,Balma Guilanyà (Prepirineo de Lleida) y el Aziliense en el noreste de la Península Ibérica,10.3989/tp.2009.09021,en,2,0.8912625234468954
768_2011.pdf,,SAGVNTVM PAPELES DEL LABORATORIO DE ARQUEOLOGÍA DE VALENCIA EXTRA-12,,ca,2,1.0
770_2011.pdf,nn,TESIS DOCTORAL,,es,2,0.822638369016813
771_2011.pdf,nn,TESIS DOCTORAL,,es,2,0.8255607525625995
772_2011.pdf,,ISBN: 84-922344-4-X Depósito Legal: M-19367/2011,,es,2,1.0
774_2011.pdf,,**==> picture [483 x 257] intentionally omitted <==**,,pt,2,0.8523436622186964
776_2011.pdf,,**==> picture [229 x 42] intentionally omitted <==**,,es,2,0.9902768124030384
777_2011.pdf,,"Las Aguilillas (Ardales, Málaga). Cámara hipogeo-megalítica. Fotografía: Miguel Ángel Blanco de la Rubia // Las Aguilillas (Ardales, Málaga). Hypogeo-megalithic chamber. Photograph: Miguel Ángel Blanco de la Rubia.",,en,2,0.9634509550858495
778_2011.pdf,Salvador Domínguez-Bella,"Variscita y ámbar en el Neolítico gallego. Análisis arqueométrico del collar del túmulo 1 de Chousa Nova, Silleda (Pontevedra, España); Variscite and amber in the Galician Neolithic. Archaeometric analysis of the necklace from Barrow 1 at Chousa Nova, Silleda (Pontevedra, Spain)",10.3989/tp.2011.11075,es,2,0.9289292375756169
779_2012.pdf,Juan Francisco Gibaja,"El uso de trillos durante la Edad del Cobre en la Meseta española. Análisis traceológico de una colección de denticulados de sílex procedentes del ‘recinto de fosos’ de El Casetón de la Era (Villalba de los Alcores, Valladolid) - Evidence of the use of threshing-boards in the spanish Meseta during the Copper Age. Microwear analysis of flint denticulates from ‘the ditched enclosure’ of El Casetón de la Era (Villalba de los Alcores, Valladolid)",10.3989/tp.2012.12084,es,2,0.9847256088344846
780_2012.pdf,,Antiquity: Project Gallery,,en,2,0.9697211950599505
781_2012.pdf,,ARQUEOLOGIA DE LA SAL 1-136.indd,,es,2,0.9437554889000849
782_2012.pdf,"Alberto Mingo, Jesús Barba, Martí Mas, Javier López, Alfonso Benito, Paloma Uzquiano, José Yravedra, Miriam Cubas, Bárbara Avezuela, Ignacio Martín, Matteo Bellardi","Caracterización del yacimiento de Cueva Blanca (Hellín, Albacete). Nuevas aportaciones para el debate en torno a la transición del Mesolítico al Neolítico antiguo en el Sureste peninsular",10.5209/rev_Cmpl.2012.v23.n1.39531,es,2,0.9662187656747331
783_2012.pdf,,1 CAPITULO.indd,,es,2,1.0
784_2012.pdf,"J. Francisco Fabián García, Antonio Blanco González",Cuatro enterramientos calcolíticos en hoyo del Cerro de la Cabeza (Ávila),10.5209/rev_Cmpl.2012.v23.n1.39533,es,2,1.0
785_2012.pdf,,02 RECERQUES 21.indd,,es,2,0.9842203322077802
787_2012.pdf,,## **REVISTA ARKEOGAZTE/ARKEOGAZTE ALDIZKARIA**,,es,2,0.9779951117473675
788_2012.pdf,https://www.researchgate.net/publication/285680733,"See discussions, stats, and author profiles for this publication at: https://www.researchgate.net/publication/285680733",,es,1,0.7948993820097823
789_2012.pdf,,## Funerary Practices in the Iberian Peninsula from the Mesolithic to the Chalcolithic,,en,2,0.9651684324529577
790_2012.pdf,Alfonso Alday,"El abrigo de Martinarri (Obécuri, Treviño): una ocupación del Tardiglaciar en la Cuenca Alta del Ebro ; Martinarri rock shelter (Obécuri, Treviño): a Late Glacial occupation of the Upper Basin of the Ebro",10.3989/tp.2012.12091,es,2,0.9637149569256318
791_2012.pdf,,**==> picture [332 x 365] intentionally omitted <==**,,es,2,0.9312303132322151
792_2012.pdf,,# **El Esplugón: un gran abrigo mesolítico en el valle del Guarga (Huesca)**,,es,2,0.8498616232555658
793_2012.pdf,"Gonzales Morales, Manuel R., Straus, Lawrence Guy","El Mir&#243;n Cave, Cantabrian Spain",10.1029/2002JB001975,en,2,0.7884395029784684
794_2012.pdf,,## **INDESINENTER: PERMANENCIA Y CAMBIO**,,es,2,1.0
796_2012.pdf,,**==> picture [332 x 365] intentionally omitted <==**,,es,2,0.9394095210230929
797_2012.pdf,EDICION1,La Loma,,es,1,0.9917144550711996
798_2012.pdf,Marian Arlegui Sánchez,"La necrópolis celtibérica del Inchidero (Aguilar de Montuenga, Soria): Estratigrafía, cronotipología y dataciones radiocarbónicas",10.5209/rev_Cmpl.2012.v23.n1.39537,es,2,0.9642485889413585
799_2012.pdf,Miriam Cubas,"La tecnología cerámica de los niveles IV y III en el yacimiento de Kobaederra (Cortézubi, Bizkaia). Aprovisionamiento y modificación de las materias primas - Pottery technology of levels IV and III in Kobaederra site (Cortézubi, Bizkaia). Supply and modification of raw materials",10.3989/tp.2012.12079,es,2,0.9403548704972076
800_2012.pdf,,"_Estudos do Quaternário, 8, APEQ, Braga, 2012, pp. 22-37_",10.1016/j.jas.2010.07.033,pt,2,1.0
801_2012.pdf,,**==> picture [332 x 365] intentionally omitted <==**,10.1016/j.jas.2007.10.004,es,2,0.9439844037661285
802_2012.pdf,GF2,Sidereum Ana II pag. 001-416:M,,es,2,0.940333407754424
803_2012.pdf,Manuel Vaquero,"Temporal nature and recycling of Upper Paleolithic artifacts: the burned tools from the MolI del Salt site (VimbodI i Poblet, northeastern Spain)",10.1016/j.jas.2012.04.024,en,2,0.9588243540614112
804_2012.pdf,ValentIn Villaverde Bonilla; DIdac RomAn; Manuel PErez Ripoll; M. MercE BergadA; Cristina Real,The end of the Upper Palaeolithic in the Mediterranean Basin of the Iberian Peninsula,10.1016/j.quaint.2012.04.025,en,2,0.9376769135114643
805_2012.pdf,Nuno Bicho; Jonathan Haws,The Magdalenian in central and southern Portugal: Human ecology at the end of the Pleistocene,10.1016/j.quaint.2012.02.055,en,2,0.967337150460138
806_2012.pdf,Miguel Cortés Sánchez,The Mesolithic–Neolithic transition in southern Iberia,10.1016/j.yqres.2011.12.003,es,2,1.0
808_2012.pdf,informatika,2013089103AA,,unknown,0,1.0
809_2013.pdf,informatika,2013089103AA,,unknown,0,0.9569430265506291
810_2013.pdf,,REVISTA DE PREHISTORIA DE ANDALUCÍA JOURNAL OF ANDALUSIAN PREHISTORY,,es,2,1.0
812_2013.pdf,Javier Jiménez,**==> picture [42 x 21] intentionally omitted <==**,,pt,2,0.6581823582066892
813_2013.pdf,Javier Jiménez,**==> picture [42 x 21] intentionally omitted <==**,,pt,2,0.7385398867171197
814_2013.pdf,Dionisio Urbina Martinez,"Cronología radiocarbónica de Las Lunas (Yuncler, Toledo), un gran poblado de fines de la Prehistoria en la Meseta Sur ; Radiocarbon Chronology of Las Lunas (Yuncler, Toledo), a large settlement of Late Prehistory in the Spanish Southern Meseta",10.3989/tp.2013.12118,es,2,0.7316390619812355
815_2013.pdf,,"# **DATACIONES ABSOLUTAS PARA EL FOSO 1 DE PERDIGÕES (REGUENGOS DE MONSARAZ, PORTUGAL). REFLEXIONES SOBRE SU CRONOLOGÍA Y TEMPORALIDAD**",10.12795/spal.2013.i22.01,en,2,0.9423155643437383
817_2013.pdf,,**==> picture [144 x 76] intentionally omitted <==**,10.1016/j.quaint.2012.12.023,es,2,0.9020325266900016
818_2013.pdf,,El aprovEchamiEnto dE la campiña EntrE tEba y ardalEs (málaga) por los agricultorEs dEl nEolítico: El caso dEl cErro dE la higuEra,,es,2,0.9260835639537948
819_2013.pdf,,**==> picture [122 x 155] intentionally omitted <==**,,es,2,0.9394929289769399
820_2013.pdf,Propietario,Diapositiva 1,10.30861/9781407311845,en,1,1.0
824_2013.pdf,Lluís Molina Balaguer,SAGPLAV45_CL,10.7203/SAGVNTVM.45.2007,unknown,0,0.9309545563318019
825_2013.pdf,,untitled,10.1179/1461957113Y.0000000037,en,2,1.0
826_2013.pdf,,**Paz Balaguer Nadal Paola García Medrano Alba Tenza Ferrer Francesc Antequera Devesa**,,ca,2,0.9442274791114674
827_2013.pdf,,## UNIVERSITAT DE VALÈNCIA FACULTAT DE GEOGRAFIA I HISTÒRIA DEPARTAMENT DE PREHISTÒRIA I ARQUEOLOGIA,,ca,2,0.9520114070782564
828_2013.pdf,informatika,2013069088AA,,unknown,0,0.9129955116584824
830_2013.pdf,,**==> picture [122 x 155] intentionally omitted <==**,,es,2,0.9264045130012639
831_2013.pdf,Marcos García García,"Las Pozas (Casaseca de las Chanas, Zamora): dos nuevos recintos de fosos calcolíticos en el Valle del Duero ; Las Pozas (Casaseca de las Chanas, Zamora): two new Copper Age causewayed enclosures in the Douro Valley",10.3989/tp.2013.12108,es,2,0.917270459072471
833_2013.pdf,Marmot,Microsoft Word - TEXTO FINAL DEF pruebas 2.doc,10.30861/9781407311180,en,1,0.9522835407645432
834_2013.pdf,Javier Jiménez,VI ENCUENTRO DE ARQUEOLOGÍA DEL SUROESTE PENINSULAR ISBN 978 - 84 - 616 - 6306 - 4,,en,2,1.0
835_2013.pdf,,"SAGVNTVM (P.L.A.V.) 45, 2013: 79 - 100 ISSN: 0210-3729 ISSN _online_ : 2174-517X DOI: 10.7203/SAGVNTVM.45.2005",10.7203/SAGVNTVM.45.2005,es,2,0.9814423365788764
836_2013.pdf,informatika,2013105116AA,,unknown,0,0.5407485740587127
837_2013.pdf,us_058_055,Microsoft Word - BSAA arqueologia 2013 DEFINITIVO.docx,,es,2,1.0
838_2013.pdf,,"SONDEO ARQUEOLÓGICO EN EL ABRIGO DE BARCENILLA (T.M. DE PIÉLAGOS, CANTABRIA).",,es,2,0.9387269535570137
839_2013.pdf,Joaquim Soler,"The Gravettian calvaria from Mollet III cave (SerinyA, Northeastern Iberian Peninsula)",10.1016/j.jhevol.2013.03.005,en,2,0.9755811549873749
840_2013.pdf,,## ����������������������������������� �����������������������������������,,es,2,1.0
841_2013.pdf,,REVISTA DE PREHISTORIA DE ANDALUCÍA JOURNAL OF ANDALUSIAN PREHISTORY,,es,2,1.0
842_2013.pdf,David CUENCA SOLANA,"Utilización de instrumentos de concha para la realización de actividades productivas en sociedades tribales comunitarias del sur de la Península Ibérica. El ejemplo de Campo de Hockey (San Fernando, Cádiz) y SET Parralejos (Vejer de la Frontera, Cádiz) = Using shell tools for productive activities in tribal communal societies from southern Iberia. The example of Campo de Hockey (San Fernando, Cádiz) and SET Parralejos (Vejer de la Frontera, Cádiz)",10.14201/zephyrus20137295111,es,2,0.936986756968221
843_2013.pdf,,"_ANTIQVITAS - 2013 - N.º 25 (pp. 39-48) ISSN: 1139-6609 - M.H.M. Priego de Córdoba_ Villavieja (Algarinejo, Granada), un recinto amurallado de la Edad del Cobre en el Poniente Granadino…",,es,2,0.9662168244796402
844_2013.pdf,,"## **Zambujal (Torres Vedras, Lisboa): relatório das escavações de 2002**",,pt,2,0.9728352808316962
845_2014.pdf,Antonio Blanco González,Sitios en altura y vasijas rotas: reconsiderando la etapa de ‘plenitud’ de Cogotas I (1450-1150 cal AC) en la Meseta; Hilltop sites and broken vessels: rethinking the later phase of the Cogotas I Culture (1450-1150 cal BC) in the Iberian Meseta,10.3989/tp.2014.12136,es,2,0.874914381286298
846_2014.pdf,Brais X. Currás Refojos,Cronología absoluta del fenómeno campaniforme al Norte del estuario del Tajo: implicaciones demográficas y sociales ;,,en,2,0.9174961253473781
847_2014.pdf,Luis Benítez de Lugo Enrich,"Aportaciones hidrogeológicas al estudio arqueológico de los orígenes de la Edad del Bronce de La Mancha: la cueva monumentalizada de Castillejo del Bonete (Terrinches, Ciudad Real, España) ; Hydrogeological contributions to the archaeological study of the origins of the Bronze Age of La Mancha: the monumentalised cave of Castillejo del Bonete (Terrinches, Ciudad Real, Spain)",,es,2,0.9334598786676233
848_2014.pdf,,## TRABAJOS de Arqueología Navarra,,es,2,0.9909024838596505
850_2014.pdf,Bóris,"_Estudos do Quaternário, 10, APEQ, Braga, 2014, pp. 35-43 http://www.apeq.pt/ojs/index.php/apeq._",,pt,2,0.9606549569717158
851_2014.pdf,Laura Egido,COVA FORADÀ (Oliva,,es,2,0.9618088209421789
852_2014.pdf,,La Cova de les Cendres,,es,2,0.9695852383302997
853_2014.pdf,https://www.researchgate.net/publication/268521088,"See discussions, stats, and author profiles for this publication at: https://www.researchgate.net/publication/268521088",,en,1,1.0
854_2014.pdf,,PLEISTOCENE AND HOLOCENE HUNTER-GATHERERS IN IBERIA AND THE GIBRALTAR STRAIT: 426 THE CURRENT ARCHAEOLOGICAL RECORD,,en,2,0.696201692841269
855_2014.pdf,,"# **DATACIONES RADIOCARBÓNICAS DE CONTEXTOS CALCOLÍTICOS AL AIRE LIBRE EN LA CUENCA MEDIA DEL ARLANZÓN (BURGOS, ESPAÑA)**",10.12795/spal.2014.i23.02,en,2,1.0
856_2014.pdf,José María Rodanés Vicente y José Ignacio Lorenzo Lizalde,Datación absoluta de la mandíbula de Molinos. El final de la polémica sobre los restos humanos más antiguos de Aragón,,es,2,0.9863568757440319
858_2014.pdf,Miguel Ángel Lechuga Chica,"El poblado calcolítico “Venta del Rapa” (finales III milenio Cal. BC.), Mancha Real, Jaén. Un recinto de fosos entre las estribaciones de Sierra Mágina y el Alto Guadalquivir; The archaeological site of “Venta del Rapa” (late 3rd millennium Cal. B.C) (Mancha Real, province of Jaen, Spain). A pit area from the Copper Age in the Upper Guadalquivir",10.3989/tp.2014.12139,es,2,0.9741532141662425
860_2014.pdf,MacPro,08-arqueo65art17.qxp:Maquetación 1,,en,2,0.9674611962308158
861_2014.pdf,Maria Fontanals-Coll,From Sado Valley to Europe: Mesolithic dietary practices through different geographic distributions,10.1016/j.jas.2014.07.028,en,2,1.0
862_2014.pdf,Ermengol Gassiot Ballbè,La alta montaña durante la Prehistoria: 10 años de investigación en el Pirineo catalán occidental; The mountains in Prehistory: 10 years of research in western Catalan Pyrenees,10.3989/tp.2014.12134,es,2,0.7487257420347898
863_2014.pdf,,_ANTIQVITAS - 2014 - N.º 26 (pp. 135-153) ISSN: 1133-6609 - M.H.M. Priego de Córdoba_ La campiña de Córdoba entre el IV y el I milenio ANE. Apuntes sobre la ocupación prehistórica del yacimiento de…,,es,2,0.9633271960602855
864_2014.pdf,,**==> picture [595 x 470] intentionally omitted <==**,,es,2,0.9050520608385263
865_2014.pdf,System Administrator,Saldvie(Utrilla-Mazo).qxp:MaquetaciÉn 1,,es,2,0.9632017000992169
866_2014.pdf,MacPro,11-arqueo65art10.qxp:Maquetación 1,,es,2,0.9854474592089154
867_2014.pdf,,"Archivo de PrehistoriA LevAntinA Vol. XXX, Valencia, 2014, p. 57-80",,en,2,0.92904585687377
868_2014.pdf,"G. Aguilella, D. Roman, P. García Borja (editors)","Cova dels Diablets (Alcalà de Xivert, Castelló): Prehistòria a la Serra d'Irta",10.1155/2006/61607,ca,1,0.9806227274899599
871_2014.pdf,Antonio Tarriño,"Neolithic flint mines of Treviño (Basque-Cantabrian Basin, Western Pyrenees, Spain)",10.2218/jls.v1i2.1098,en,2,0.9331351811308123
872_2014.pdf,Sonia MACHAUSE LÓPEZ,"Prácticas rituales ibéricas en la Cueva del Sapo (Chiva, Valencia): más allá del Caliciforme = Iberian Ritual Practices in Cueva del Sapo (Chiva, Valencia): Beyond the Calyx-cup",10.14201/zephyrus201474157179,es,2,0.924078991262621
873_2014.pdf,,"SAGVNTVM (P.L.A.V.) 46, 2014: 41 - 69 ISSN: 0210-3729 ISSN _online_ : 2174-517X DOI: 10.7203/SAGVNTVM.46.3479",10.7203/SAGVNTVM.46.3479,es,2,0.8353095694806899
875_2014.pdf,Hector A. Orengo,Shifting occupation dynamics in the Madriu-Perafita-Claror valleys (Andorra) from the early Neolithic to the Chalcolithic: The onset of high mountain cultural landscapes,10.1016/j.quaint.2014.01.035,en,2,0.9862749453973553
877_2014.pdf,RaQuEL,## UNIVERSIDAD AUTÓNOMA DE MADRID,,es,2,0.9372984661257879
878_2014.pdf,Gonzalo Aranda Jiménez,"The chronology of megalithic funerary practices: a Bayesian approach to Grave 11 At El Barranquete necropolis (AlmerIa, Spain)",10.1016/j.jas.2014.08.005,en,2,1.0
879_2014.pdf,Katina T. Lillios,The rock-cut tomb of Bolores (Torres Vedras): an interdisciplinary approach to understanding the social landscape of the Late Neolithic/Copper Age of the Iberian Peninsula; La tumba hipogea de Bolores (Torres Vedras): una aproximación interdisciplinar a la comprensión del paisaje social del Neolítico Final/Edad del Cobre de la Península Ibérica,10.3989/tp.2014.12135,en,2,0.9492924773521322
881_2014.pdf,Rodrigo Villalobos García,"The megalithic tombs of the Spanish Northern Meseta. Material, political and ideological ties between the Neolithic people and their territory",10.4000/books.pup,en,2,0.9703122382652843
882_2014.pdf,,01_ok.qxd,,es,2,1.0
884_2015.pdf,https://www.researchgate.net/publication/283563619,"See discussions, stats, and author profiles for this publication at: https://www.researchgate.net/publication/283563619",10.2458/azu_rc.57.18569,en,1,0.6153258702964842
885_2015.pdf,"Hipólito Collado Giraldo, José Ramón Bello Rodrigo, Isabel Domínguez García, Luis F. Nobre da Silva, Lázaro Rodríguez Dorado, José Manuel Torrado Cárdeño, Mónica Villalba de Alvarado, Jairo González Márquez, Ángel Carmelo Domínguez García, Elena García Domínguez, Elena Garrido Fernández, José Enrique Capilla Nicolás, Eulogio Oyola Macías, Marisa Giles Domínguez, Cindy Castaños Ceballos, Rocío Montero González, Samuel Pérez Romero, David M. Duque Espino","""Orígenes"": un proyecto de investigación del monumento natural ""Cuevas de Fuentes de León"" y su influencia en la economía local",,es,2,0.9576100552511101
886_2015.pdf,,**==> picture [61 x 77] intentionally omitted <==**,,pt,2,0.8907579886932445
887_2015.pdf,,OP-MOLB150210 3132..3142,10.1093/molbev/msv181,ca,2,0.9499858121869807
888_2015.pdf,https://www.researchgate.net/publication/293877558,"See discussions, stats, and author profiles for this publication at: https://www.researchgate.net/publication/293877558",,en,1,1.0
889_2015.pdf,,Ancient genomes link early farmers from Atapuerca in Spain to modern-day Basques,10.1073/pnas.1509851112,en,2,0.9515546485339097
890_2015.pdf,Juan Rofes,"Combining Small-Vertebrate, Marine and Stable-Isotope Data to Reconstruct Past Environments",10.1038/srep14219,en,2,1.0
891_Espantalobos_2015.pdf,MacPro,06-arqueo66art09.qxp:Maquetación 1,10.21630/maa.2015.66.06,es,2,1.0
892_Darreres intervencions arqueològiques LaDraga_2015.pdf,,**==> picture [596 x 32] intentionally omitted <==**,,ca,2,0.9680333260529986
893_Dating  Iron  Age  goldwork_2015.pdf,Xosé-Lois Armada,Primeras dataciones directas de 14C AMS para la orfebrería protohistórica del Noroeste de la Península Ibérica; Dating Iron Age goldwork: First direct AMS 14C results from Northwestern Iberia,10.3989/tp.2015.12160,es,2,1.0
895_CerroSanJuan_2015.pdf,Daniel GARCÍA RIVERO,"Del Calcolítico al Bronce antiguo en el Guadalquivir inferior. El Cerro de San Juan (Coria del Río, Sevilla) y el ‘modelo de reemplazo’ = From the Copper Age to the Bronze Age in the Lower Guadalquivir Basin. The Cerro de San Juan settlement (Coria del Río, Seville, Spain) and the ‘replacement model’",10.14201/zephyrus2015761538,es,2,1.0
897_Linares_Mora_DolmenSoto_2015.pdf,https://www.researchgate.net/publication/326098729,"See discussions, stats, and author profiles for this publication at: https://www.researchgate.net/publication/326098729",10.33349/2015.0.3669,es,1,1.0
898_Yacimiento de Santa Comba _2015.pdf,,"## El yacimiento de Santa Comba (Covas, Ferrol): investigaciones arqueológicas en un enclave de la ruta marítima atlántica",,es,2,0.7450436087465624
899_CamaraSerrano_MegalitismoAndalucia_2015.pdf,,**==> picture [61 x 77] intentionally omitted <==**,,pt,2,0.8893260998404666
901_CeramicaIncisoImpresa_2015.pdf,M. Cristina Vega Maeso,La cerámica inciso-impresa en el tránsito del III al II milenio cal B.C. en la región cantábrica,10.5209/rev,es,2,0.9420158123310134
902_Ventosiños_2015.pdf,Diego PIAY AUGUSTO,"La construcción anular y el enclos de Ventosiños (Coeses, Lugo). Estudio preliminar de un conjunto del Bronce final = The ringwork and the Ventosiños enclos (Coeses, Lugo). Preliminary study of an Late Bronze ensemble",10.14201/zephyrus2015765776,es,2,0.9452940905539929
903_La_cronologia_absoluta_de_la_mineria_2015.pdf,,## La cronología absoluta de la minería de sílex en Casa Montero (Madrid),,es,2,0.9655988784504957
904_SalvadorPardo_2015.pdf,,## UNIVERSITAT DE VALÈNCIA,,es,2,0.9693515781496016
905_López Quintana_et_al_2015.pdf,gestiondocumental,CNP_5.pdf,,es,2,0.945208642241776
906_PrimeraExplotacionMinera_2015.pdf,"Luis Arboledas Martínez, Eva Alarcón García, Francisco Contreras Cortés, Auxilio Moreno Onorato, Juan Jesús Padilla Fernández","La mina de José Martín Palacios-Doña Eva (Baños de la Encina, Jaén): la primera explotación minera de la Edad del Bronce documentada en el sureste de la Península Ibérica",10.3989/tp.2015.12149,es,2,1.0
907_RAFEL_ROSILLO_ANTONI_PALOMO_JOSEP_TARRUS_2015.pdf,,**==> picture [61 x 77] intentionally omitted <==**,,pt,2,0.8939183145862877
908_AllieseetalBSPF_2015.pdf,https://www.researchgate.net/publication/274095554,"See discussions, stats, and author profiles for this publication at: https://www.researchgate.net/publication/274095554",10.1016/j.anthro.2015.02.003,fr,1,0.7430793612029108
909_Lopez-Doriga_2015.pdf,https://www.researchgate.net/publication/290436869,"See discussions, stats, and author profiles for this publication at: https://www.researchgate.net/publication/290436869",,pt,1,0.953363138111494
910_YacimientoBasagin_2015.pdf,MacPro,11-arqueo66art17.qxp:Maquetación 1,10.21630/maa.2015.66.11,es,2,0.945328410865672
911_Mesolitico_neolitico_antigo_2015.pdf,,**==> picture [61 x 77] intentionally omitted <==**,,pt,2,0.8848674166709117
912_TerrazasManzanares_2015.pdf,,01_ok.qxd,10.15366/cupauam2015.41.003_,es,2,0.9569840879073163
913_Aguileraetal_2015.pdf,https://www.researchgate.net/publication/293464861,"See discussions, stats, and author profiles for this publication at: https://www.researchgate.net/publication/293464861",,pt,1,0.9826381686642643
914_GonalveseSousa-CasasNovas_2015.pdf,https://www.researchgate.net/publication/288653310,"See discussions, stats, and author profiles for this publication at: https://www.researchgate.net/publication/288653310",,pt,1,0.9785288935838085
916_Pautas_funerarias_y_demograficas_2015.pdf,,|1. INTRODUCCIÓN..................................................................................................................................|11|,,es,0,0.9061208864654707
917_LaBastida_2015.pdf,,## a r q u EO LO G Í A **a r g á r i c a** P ROYEC TO BAST I DA,10.5334/bha.18102,es,2,0.2431070242855406
918_Dialnet-PuntualizacionesSobreElTransitoVIVMilenioCalA_2015.pdf,,_ANTIQVITAS - 2015 - N.º 27 (pp. 31-47) ISSN: 1133-6609 - M.H.M. Priego de Córdoba_ Puntualizaciones sobre el tránsito V-IV milenio cal.AC en la Alta Andalucía. El primer asentamiento en el…,,es,2,0.9611219542768866
919_JuanGibaja_2015.pdf,"Juan F. Gibaja, M. Eulàlia Subirà, Xavier Terradas, F. Javier Santos, Lidia Agulló, Isabel Gómez-Martínez, Florence Allièse, Javier Fernández-López de Pablo","The Emergence of Mesolithic Cemeteries in SW Europe: Insights from the El Collado (Oliva, Valencia, Spain) Radiocarbon Record",10.1371/journal.pone.0115505,en,2,0.9763928607001673
921_CelisSanchezMuozVillarejo-2015-Veinteaosdeinvestigaciones.pdf,https://www.researchgate.net/publication/283082360,"See discussions, stats, and author profiles for this publication at: https://www.researchgate.net/publication/283082360",,es,1,0.982019789957978
922_Meadows_Huels_Schneider_2015.pdf,https://www.researchgate.net/publication/283563619,"See discussions, stats, and author profiles for this publication at: https://www.researchgate.net/publication/283563619",10.2458/azu_rc.57.18569,en,1,0.7496069334150507
923_Zooarqueologia_Almeida_N._Saladie_P._Oosterbeek_L._2015.pdf,https://www.researchgate.net/publication/329145142,"See discussions, stats, and author profiles for this publication at: https://www.researchgate.net/publication/329145142",,pt,1,0.9775357442910856
924_EbroValley_2016.pdf,Iñigo García-Martínez de Lagrán,"8.2&nbsp;ka BP paleoclimatic event and the Ebro Valley Mesolithic groups: Preliminary data from Artusia rock shelter (UnzuE, Navarra, Spain)",10.1016/j.quaint.2015.06.050,en,2,0.9823546138428569
925_ComunityinLife_2016.pdf,"Kurt W. Alt, Stephanie Zesch, Rafael Garrido-Pena, Corina Knipper, Anna Szécsényi-Nagy, Christina Roth, Cristina Tejedor-Rodríguez, Petra Held, Íñigo García-Martínez-de-Lagrán, Denise Navitainuck, Héctor Arcusa Magallón, Manuel A. Rojo-Guerra","A Community in Life and Death: The Late Neolithic Megalithic Tomb at Alto de Reinoso (Burgos, Spain)",10.1371/journal,en,2,0.9908847305026028
926_PedroTereso_2016.pdf,,Agriculture in NW Iberia during the Bronze Age: A review of archaeobotanical data,10.1016/j.jasrep.2016.07.011,pt,2,0.926718611693193
927_ValenzuelaLamas_2016.pdf,,Analysis of seasonal mobility of sheep in Iron Age Catalonia (north-eastern Spain) based on strontium and oxygen isotope analysis from tooth enamel: First results,10.1016/j.jasrep.2015.08.042,en,2,1.0
929_Hernandez-Perez_etal_Cabezo-Redondo_2016.pdf,,"CR CABEZO REDONDO (VILLENA, ALICANTE)",,es,2,0.914702333234748
930_Clemente-et-al_coro-trasito_2016.pdf,,_Sesión 1. Prehistoria y Arte Rupestre_,,es,2,0.9405361280449448
931_PaisajesPastorales_2016.pdf,,nº 67 325-337 DONOSTIA 2016 ISSN 1132-2217 • eISSN 2172-4555,10.21630/maa.2016.67.mis11,es,2,0.9637110442222228
932_distribution-and-chronological-framework-for-iberian-variscite-mining-and-consumption-at-pico-centeno-encinasola-spain_2016.pdf,Carlos P. Odriozola,"Distribution and chronological framework for Iberian variscite mining and consumption at Pico Centeno, Encinasola, Spain",10.1016/j.yqres.2015.11.010,en,2,0.9645375837517715
933_earliest-evidence-of-neolithic-collective-burials-from-eastern-iberia-radiocarbon-dating-at-the-archaeological-site-of-les-llometes-alicante-spain_2016.pdf,,untitled,10.1017/RDC.2016.34,en,2,0.9841990296629451
934_AbrigoEsplugon_2016.pdf,https://www.researchgate.net/publication/304012677,"See discussions, stats, and author profiles for this publication at: https://www.researchgate.net/publication/304012677",,es,1,0.9686068707893996
935_Acequion_2016.pdf,,I Reunión Científica de Arqueología de Albacete,10.1016/j.jas.2010.01.035,es,2,0.967631903445138
936_BronceFinal_2016.pdf,"Francisco Javier Jover Maestre, Alberto Lorrio Alvarado, María de los Ángeles Díaz Tena",El Bronce Final en el Levante de la península Ibérica: bases arqueológicas y periodización,10.5209/CMPL.53218,es,2,0.9550847077918374
937_CromlechTumular_Mujika et al_Munibe_2016.pdf,,**MUNIBE** Antropologia-Arkeologia,,es,2,0.9709493749943051
938_YacimientoDevesa_2016.pdf,Pablo Vázquez Liz,El yacimiento de A Devesa de Abaixo (Pontevedra): muerte y tradición en la prehistoria reciente del Noroeste de la Península Ibérica ; A Devesa de Abaixo archaeological site (Pontevedra): death and tradition in late prehistory in the NW of the Iberian Peninsula,10.3989/ceg.2016.129.01,es,2,0.9708972564187359
940_EnterramientosNeolitico_2016.pdf,,"_Del neolític a l’edat del bronze en el Mediterrani occidental. Estudis en homenatge a Bernat Martí Oliver._ tv sip 119, València, 2016, p. 181-210.",10.1179/1461957114Y.0000000084,es,2,0.9486838553384188
941_EnterramientosAltoAragon_2016.pdf,https://www.researchgate.net/publication/304020772,"See discussions, stats, and author profiles for this publication at: https://www.researchgate.net/publication/304020772",10.1111/j.1365-294X.2011.05361.x,es,1,0.8658452182243386
942_IndustriaLitica_2016.pdf,,2016 ISSN 1132-2217 • eISSN 2172-4555,10.21630/maa.2016.67.mis01,es,2,1.0
943_DolmenHuesera_FernandezEraso_2016.pdf,Javier FERNÁNDEZ-ERASO,"Estela decorada en el dolmen del Alto de la Huesera (Laguardia, Álava) = Decorated stela in Alto de la Huesera dolmen (Laguardia, Álava)",10.14201/zephyrus2016781933,es,2,0.9825156393039864
944_CermicaElPortalon_2016.pdf,,nº 67 105-126 DONOSTIA,10.21630/maa.2016.67.06,es,2,0.9379343679885992
945_ColonizacionFenicia_LopezCastro_2016.pdf,José Luis López Castro,La colonización fenicia inicial en el Mediterráneo Central: nuevas excavaciones arqueológicas en Utica (Túnez) ; The initial Phoenician colonization in Central Mediterranean: new archaeological excavations in Utica (Tunisia),10.3989/tp.2016.12164,es,2,0.936428016555978
946_mupreva194_mupreva153_2016.pdf,,"_Del neolític a l’edat del bronze en el Mediterrani occidental. Estudis en homenatge a Bernat Martí Oliver._ tv sIp 119, València, 2016, p. 97-107.",,ca,2,0.9497208636604807
947_Baylissetal2016Montelirio.pdf,https://www.researchgate.net/publication/312198527,"See discussions, stats, and author profiles for this publication at: https://www.researchgate.net/publication/312198527",10.1371/journal.pone.0087436,es,1,0.983325726775273
948_PeterSmith_2016.pdf,,2016 ISSN 1132-2217 • eISSN 2172-4555,10.21630/maa.2016.67.03,es,2,0.9652329416053381
949_DidacRoman_2016.pdf,Didac Roman,La fin du Paléolithique dans la Catalogne méridionale ibérique revisitée : nouvelles réponses pour anciennes questions,10.1016/j.anthro.2016.10.001,fr,2,0.9466515962796295
950_LourdesMontes_2016.pdf,,2016 ISSN 1132-2217 • eISSN 2172-4555,10.21630/maa.2016.67.mis07,es,2,0.9387227125853844
951_CamaraSerrano_MontefrioAsentamiento_2016.pdf,,"LA OCUPACIÓN DE LAS PEÑAS DE LOS GITANOS (MONTEFRÍO, GRANADA) DESDE EL NEOLÍTICO AL MUNDO ROMANO. ASENTAMIENTO Y RITUAL FUNERARIO.",,es,2,0.9240245721239582
953_Landscape_resources_and_people_during_2016.pdf,Lourdes Montes,"Landscape, resources and people during the Mesolithic and Neolithic times in NE Iberia: The Arba de Biel Basin",10.1016/j.quaint.2015.05.041,en,1,0.5939327908464294
954_marine-radiocarbon-reservoir-effect-in-late-pleistocene-and-early-holocene-coastal-waters-off-northern-iberia_2016.pdf,,untitled,10.1017/RDC.2016.71,en,2,0.9654072105659671
955_VelascoVazquz_2016.pdf,,nº 67 75-103 DONOSTIA 2016 ISSN 1132-2217 • eISSN 2172-4555,10.21630/maa.2016.67.04,es,2,0.9762155793061276
956_NotasSobreLaFaseSotoFormativoEnElPobladoDeLosCuest_2016.pdf,,"## **NOTAS SOBRE LA FASE** _**SOTO FORMATIVO**_ **EN EL POBLADO DE LOS CUESTOS DE LA ESTACIÓN (BENAVENTE, ZAMORA)**",,es,2,0.9456347049578333
957_RitaPeyroteo_2016.pdf,,Unknown,,en,2,1.0
958_VILLALOBOSGARCAyODRIOZOLA2016.OrganizingtheProductionofVariscitePersonalOrnamentsinLaterPrehistoricIberiaTheMinesofAlisteandtheProductionSitesofQuiruelasde.pdf,,"European Journal of Archaeology 19 (4) 2016, 631–651",10.1080/14619571.2016.1147316,en,2,0.9633637614803653
960_OsPrimeirosEnterramentosSidericosConhecidosNaMarge_2016.pdf,,"*** Antropóloga, Arqueologia & Património zelimaria@hotmail.com",,pt,2,0.9423126397744973
961_CarlosOdriozola_2016.pdf,,Personal body ornamentation on the Southern Iberian Meseta: An archaeomineralogical study,10.1016/j.jasrep.2015.11.021,en,2,0.9776713814101816
962_Dialnet-PrimerosDatosSobreElAsentamientoDelHierroAntiguo_2016.pdf,,"QUAD. PREH. ARQ. CAST. 34, 2016",,es,2,1.0
963_MolinaGonzalez_AltiplanosGranadinosDieta_2016.pdf,,"_Del neolític a l’edat del bronze en el Mediterrani occidental. Estudis en homenatge a Bernat Martí Oliver._ tv sIp 119, València, 2016, p. 451-463.",,es,2,0.9513808528169997
964_Rosser_Soler_Propuesta-de-fases-cronologicas-para-el-asentamiento-neolitico-del-Tossal-de-les-Basses_2016.pdf,Varios Autores,Del neolític a l’edat del bronze - Estudis en homenatge a Bernat Martí Oliver,,es,2,0.9593916989326183
965_XavierOms_2016.pdf,"F. Xavier Oms, Juan F. Gibaja, Niccolò Mazzucco, Jean Guilaine","Revisión radiocarbónica y cronocultural del Neolítico antiguo de la Balma Margineda (Aixovall, Andorra) ; 	Chronocultural and radiocarbon revision of the Early Neolithic in Balma Margineda (Aixovall, Andorra)",10.3989/tp.2016.12162,en,2,0.9562479995452644
966_JesusTapia_2016.pdf,,2016 ISSN 1132-2217 • eISSN 2172-4555,10.21630/maa.2016.67.mis06,es,2,0.9498288475181412
967_PrietoMartinez_2016.pdf,Settlements and Houses in Galicia in the Middle and Late Bronze Age Chapter Author(s): M. Pilar Prieto-Martínez and  Mikel Díaz-Rodríguez,Chapter Title: Settlements and Houses in Galicia in the Middle and Late Bronze Age Chapter Author(s): M. Pilar Prieto-Martínez and  Mikel Díaz-Rodríguez,,en,2,0.9530756343432047
968_Liesau2016UISPPivories_2016.pdf,Elisa Guerra Doce and Corina Liesau von Lettow-Vorbeck (editors),"See discussions, stats, and author profiles for this publication at: https://www.researchgate.net/publication/299455859",10.1016/j.quaint.2013.01,en,1,0.7692037727480804
969_PatriciaSaragoça_2016.pdf,Patrícia Saragoça,Stable isotope and multi-analytical investigation of Monte da Cegonha: A Late Antiquity population in southern Portugal,10.1016/j.jasrep.2016.07.010,en,2,1.0
970_NeolothicNecropolis_2016.pdf,Gerard Remolins,"The Neolithic Necropolis of La Feixa del Moro (Juberri, Andorra): New data on the first farming communities in the Pyrenees",10.1016/j.crpv.2015.11.005,ca,2,0.9565489275825327
971_agriculture-in-south-western-europe-new-isotopic-insights-from-portugals-atlantic-coast_2016.pdf,,## **The transition to agriculture in south-western Europe: new isotopic insights from Portugal’s Atlantic coast**,10.15184/aqy.2016.34,en,2,1.0
972_TossaldelaVila_2016.pdf,,"QUAD. PREH. ARQ. CAST. 34, 2016",,es,2,0.9833916753689476
973_Isotope_2017.pdf,"Iranzu Guede, Luis Angel Ortega, Maria Cruz Zuluaga, Ainhoa Alonso-Olazabal, Xabier Murelaga, Miriam Pina, Francisco Javier Gutierrez, Paola Iacumin",Isotope analyses to explore diet and mobility in a medieval Muslim population at Tauste (NE Spain),10.1371/journal.pone.0176572,en,2,1.0
975_AcronologiaderadiocarbonoparaaIdadedoFerroOrientalizantenoterritrioportugus_2016.pdf,Igor Bogdanovic,"See discussions, stats, and author profiles for this publication at: https://www.researchgate.net/publication/321836529",10.1016/j.quaint.2009.10.012,pt,1,0.8626677665956867
977_UnexpectedCase_2017.pdf,Sara Palomo-Díez,An unexpected case in the prehistory of the Iberian Peninsula_ Biogeographical origin analysis through mitochondrial DNA,10.1016/j.fsigss.2017.09.080,en,2,0.9673968709445147
978_BobilaMadurell_2017.pdf,,**==> picture [164 x 39] intentionally omitted <==**,,es,2,0.9415740670004408
981_LpezCastroMartnezMoyayPardoCortijoRiquelmeAlicante_2017.pdf,https://www.researchgate.net/publication/316095301,"See discussions, stats, and author profiles for this publication at: https://www.researchgate.net/publication/316095301",,es,1,1.0
982_Cronometria_2016.pdf,Valeria,## **Cronometría del proceso de neolitización en los Campos de Hellín y la cuenca baja del río Mundo (Albacete)**,,es,2,0.9416058728970498
983_Inhumacion_2017.pdf,Paz Caldentey,# **De la inhumación a la cremación en el nordeste peninsular: cronología y sociedad**,,es,2,1.0
984_DemografiayPoblamiento_2016.pdf,,## UNIVERSIDAD AUTÓNOMA DE MADRID,,es,2,0.9762691974144508
985_DinamicaUso_2016.pdf,Igor Bogdanovic,# **Dinámica de uso y amortización de la cabaña epicardial del yacimiento de** _**Reina Amàlia**_ **31-33 (Barcelona) a través de modelos Bayesianos**,,es,2,0.9472309012349336
