timestamp,phase,ram_gb,ram_percent
2026-06-09T14:41:37.363212,start_01_parse,9.21,29.4
2026-06-09T14:42:45.644008,parse_progress_10,9.05,28.9
2026-06-09T14:43:54.518480,parse_progress_20,8.94,28.6
2026-06-09T14:44:45.527367,parse_progress_30,8.95,28.6
2026-06-09T14:46:16.347860,parse_progress_40,9.07,29.0
2026-06-09T14:48:36.824896,parse_progress_50,9.17,29.3
2026-06-09T14:49:29.465653,parse_progress_60,9.14,29.2
2026-06-09T14:53:04.732916,parse_progress_70,9.29,29.7
2026-06-09T14:56:15.855833,parse_progress_80,9.58,30.6
2026-06-09T14:57:37.220127,parse_progress_90,9.48,30.3
2026-06-09T15:01:19.376554,parse_progress_100,9.50,30.3
2026-06-09T15:02:31.696527,parse_progress_110,9.52,30.4
2026-06-09T15:03:47.941115,parse_progress_120,9.50,30.3
2026-06-09T15:04:47.648997,parse_progress_130,9.51,30.4
2026-06-09T15:05:47.811676,parse_progress_140,9.51,30.4
2026-06-09T15:09:19.517204,parse_progress_150,9.59,30.7
2026-06-09T15:11:43.042061,parse_progress_160,9.56,30.6
2026-06-09T15:12:30.356062,parse_progress_170,9.57,30.6
2026-06-09T15:15:40.260148,parse_progress_180,9.54,30.5
2026-06-09T15:16:47.303649,parse_progress_190,9.56,30.6
2026-06-09T15:17:50.323230,parse_progress_200,9.55,30.5
2026-06-09T15:21:11.009975,parse_progress_210,9.52,30.4
2026-06-09T15:22:37.295234,parse_progress_220,9.54,30.5
2026-06-09T15:25:09.880770,parse_progress_230,9.59,30.6
2026-06-09T15:27:06.167911,parse_progress_240,9.58,30.6
2026-06-09T15:29:36.006950,parse_progress_250,9.62,30.7
2026-06-09T15:33:15.379652,parse_progress_260,9.58,30.6
2026-06-09T15:36:03.214188,parse_progress_270,9.57,30.6
2026-06-09T15:37:43.286763,start_01_parse,8.35,26.7
2026-06-09T15:38:50.615601,parse_progress_10,8.87,28.3
2026-06-09T15:41:07.819731,start_01_parse,8.40,26.8
2026-06-09T15:42:15.706625,parse_progress_10,8.93,28.5
2026-06-09T15:43:21.813294,parse_progress_20,9.01,28.8
2026-06-09T15:44:11.781440,parse_progress_30,9.01,28.8
2026-06-09T15:45:38.893386,parse_progress_40,9.17,29.3
2026-06-09T15:47:55.013546,parse_progress_50,9.26,29.6
2026-06-09T15:48:44.083381,parse_progress_60,9.24,29.5
2026-06-09T15:52:13.088213,parse_progress_70,9.40,30.0
2026-06-09T15:55:18.989322,parse_progress_80,9.60,30.7
2026-06-09T15:56:46.175870,parse_progress_90,9.52,30.4
2026-06-09T16:00:11.614126,parse_progress_100,9.54,30.5
2026-06-09T16:01:20.066268,parse_progress_110,9.52,30.4
2026-06-09T16:02:33.294894,parse_progress_120,9.56,30.5
2026-06-09T16:03:30.634853,parse_progress_130,9.56,30.5
2026-06-09T16:04:28.024676,parse_progress_140,9.54,30.5
2026-06-09T16:07:54.145452,parse_progress_150,9.62,30.7
2026-06-09T16:10:11.760861,parse_progress_160,9.61,30.7
2026-06-09T16:10:57.188182,parse_progress_170,9.61,30.7
2026-06-09T16:14:02.647532,parse_progress_180,9.59,30.6
2026-06-09T16:15:07.033023,parse_progress_190,9.62,30.7
2026-06-09T16:16:08.500144,parse_progress_200,9.59,30.6
2026-06-09T16:19:22.399164,parse_progress_210,9.64,30.8
2026-06-09T16:20:45.153215,parse_progress_220,9.64,30.8
2026-06-09T16:23:17.427725,parse_progress_230,9.63,30.8
2026-06-09T16:25:11.489549,parse_progress_240,9.62,30.7
2026-06-09T16:27:42.585440,parse_progress_250,9.66,30.9
2026-06-09T16:31:21.458041,parse_progress_260,9.64,30.8
2026-06-09T16:34:09.245902,parse_progress_270,9.66,30.9
2026-06-09T16:39:34.581765,parse_progress_280,9.62,30.7
2026-06-09T16:44:17.604298,parse_progress_290,9.64,30.8
2026-06-09T16:44:47.881815,parse_progress_300,9.62,30.7
2026-06-09T16:46:41.869862,parse_progress_310,9.63,30.8
2026-06-09T16:47:39.768981,parse_progress_320,9.65,30.8
2026-06-09T16:48:22.517800,parse_progress_330,9.68,30.9
2026-06-09T16:50:26.614073,parse_progress_340,10.01,32.0
2026-06-09T16:54:47.667531,parse_progress_350,9.86,31.5
2026-06-09T17:02:33.574397,parse_progress_360,10.13,32.3
2026-06-09T17:05:42.128659,parse_progress_370,9.93,31.7
2026-06-09T17:06:25.609134,parse_progress_380,9.94,31.8
2026-06-09T17:11:19.605400,parse_progress_390,9.98,31.9
2026-06-09T17:14:50.603528,parse_progress_400,10.00,31.9
2026-06-09T17:16:02.189003,parse_progress_410,10.01,32.0
2026-06-09T17:17:54.702959,parse_progress_420,10.06,32.1
2026-06-09T17:18:53.605375,parse_progress_430,10.25,32.7
2026-06-09T17:20:55.775055,parse_progress_440,10.14,32.4
2026-06-09T17:21:40.190818,parse_progress_450,10.10,32.3
2026-06-09T17:24:34.572923,parse_progress_460,10.06,32.1
2026-06-09T17:26:13.562284,parse_progress_470,10.15,32.4
2026-06-09T17:27:17.841818,parse_progress_480,10.07,32.2
2026-06-09T17:30:20.388176,parse_progress_490,10.09,32.2
2026-06-09T17:31:14.398169,parse_progress_500,10.07,32.2
2026-06-09T17:33:17.663661,parse_progress_510,10.16,32.5
2026-06-09T17:34:49.944160,parse_progress_520,10.18,32.5
2026-06-09T17:36:35.175931,end_01_parse,10.55,33.7
2026-06-09T17:36:50.923598,start_02_extract_meta,8.37,26.7
2026-06-09T17:36:51.753146,extract_meta_progress_50,8.88,28.4
2026-06-09T17:36:51.991376,extract_meta_progress_100,8.88,28.4
2026-06-09T17:36:52.159052,extract_meta_progress_150,8.89,28.4
2026-06-09T17:36:52.269457,extract_meta_progress_200,8.88,28.4
2026-06-09T17:36:52.430015,extract_meta_progress_250,8.88,28.4
2026-06-09T17:36:52.631426,extract_meta_progress_300,8.89,28.4
2026-06-09T17:36:52.766918,extract_meta_progress_350,8.89,28.4
2026-06-09T17:36:52.969656,extract_meta_progress_400,8.89,28.4
2026-06-09T17:36:53.165489,extract_meta_progress_450,8.90,28.4
2026-06-09T17:36:52.843713,extract_meta_progress_500,8.93,28.5
2026-06-09T17:36:53.459338,end_02_extract_meta,8.95,28.6
2026-06-09T17:37:02.154722,start_03_detect_lang,8.37,26.7
2026-06-09T17:37:02.818177,detect_lang_progress_50,8.93,28.5
2026-06-09T17:37:03.093867,detect_lang_progress_100,8.93,28.5
2026-06-09T17:37:03.341317,detect_lang_progress_150,8.92,28.5
2026-06-09T17:37:03.601193,detect_lang_progress_200,8.93,28.5
2026-06-09T17:37:03.882830,detect_lang_progress_250,8.94,28.6
2026-06-09T17:37:04.128216,detect_lang_progress_300,8.93,28.5
2026-06-09T17:37:04.423795,detect_lang_progress_350,8.94,28.6
2026-06-09T17:37:04.750281,detect_lang_progress_400,8.95,28.6
2026-06-09T17:37:05.044040,detect_lang_progress_450,8.96,28.6
2026-06-09T17:37:05.303096,detect_lang_progress_500,8.96,28.6
2026-06-09T17:37:05.914427,end_03_detect_lang,8.92,28.5
2026-06-09T17:53:41.240199,start_04_clean,8.39,26.8
2026-06-09T17:53:42.413663,clean_progress_50,8.90,28.4
2026-06-09T17:53:42.765350,clean_progress_100,8.91,28.5
2026-06-09T17:53:43.073961,clean_progress_150,8.92,28.5
2026-06-09T17:53:43.253677,clean_progress_200,8.92,28.5
2026-06-09T17:53:43.618680,clean_progress_250,8.93,28.5
2026-06-09T17:53:43.971130,clean_progress_300,8.93,28.5
2026-06-09T17:53:44.239003,clean_progress_350,8.93,28.5
2026-06-09T17:53:44.638979,clean_progress_400,8.94,28.6
2026-06-09T17:53:44.423498,clean_progress_450,8.94,28.6
2026-06-09T17:53:44.780425,clean_progress_500,8.95,28.6
2026-06-09T17:53:45.478000,end_04_clean,8.96,28.6
2026-06-09T17:53:55.356970,start_05_lemmatize,8.50,27.2
2026-06-09T17:54:11.504549,lemmatize_progress_20,9.64,30.8
2026-06-09T17:54:34.339739,lemmatize_progress_40,9.67,30.9
2026-06-09T17:54:44.759969,lemmatize_progress_60,9.62,30.7
2026-06-09T17:55:01.141693,lemmatize_progress_80,9.71,31.0
2026-06-09T17:55:14.834201,lemmatize_progress_100,9.64,30.8
2026-06-09T17:55:28.054754,lemmatize_progress_120,9.64,30.8
2026-06-09T17:55:40.946178,lemmatize_progress_140,9.66,30.9
2026-06-09T17:55:54.503768,lemmatize_progress_160,9.69,31.0
2026-06-09T17:55:59.246961,lemmatize_progress_180,9.68,30.9
2026-06-09T17:56:05.058973,lemmatize_progress_200,9.68,30.9
2026-06-09T17:56:11.545184,lemmatize_progress_220,9.68,30.9
2026-06-09T17:56:43.015961,lemmatize_progress_240,9.71,31.0
2026-06-09T17:56:58.690633,lemmatize_progress_260,9.70,31.0
2026-06-09T17:57:14.070796,lemmatize_progress_280,9.69,31.0
2026-06-09T17:57:27.016857,lemmatize_progress_300,9.70,31.0
2026-06-09T17:57:41.473079,lemmatize_progress_320,9.73,31.1
2026-06-09T17:57:47.996544,lemmatize_progress_340,9.78,31.2
2026-06-09T17:58:00.726833,lemmatize_progress_360,9.78,31.2
2026-06-09T17:58:13.389754,lemmatize_progress_380,9.77,31.2
2026-06-09T17:58:28.834470,lemmatize_progress_400,9.80,31.3
2026-06-09T17:58:39.963466,lemmatize_progress_420,9.76,31.2
2026-06-09T17:58:50.776851,lemmatize_progress_440,9.75,31.1
2026-06-09T17:59:04.186687,lemmatize_progress_460,9.74,31.1
2026-06-09T17:59:18.378724,lemmatize_progress_480,9.75,31.1
2026-06-09T17:59:35.033909,lemmatize_progress_500,9.78,31.2
2026-06-09T17:59:44.827932,end_05_lemmatize,9.86,31.5
2026-06-09T17:59:56.623868,start_06_build_corpus,8.46,27.0
2026-06-09T17:59:58.109537,end_06_build_corpus,8.97,28.6
2026-06-09T18:00:09.461422,start_07_train_lda,8.48,27.1
2026-06-09T18:00:36.101351,train_lda_K5,9.03,28.9
2026-06-09T18:01:06.799186,train_lda_K10,9.06,29.0
2026-06-09T18:01:40.712812,train_lda_K15,9.16,29.3
2026-06-09T18:02:14.586736,train_lda_K20,9.11,29.1
2026-06-09T18:02:52.232174,train_lda_K25,9.11,29.1
2026-06-09T18:03:32.561644,train_lda_K30,9.13,29.2
2026-06-09T18:03:32.571629,end_07_train_lda,9.13,29.2
2026-06-09T18:03:52.936900,start_08_assign,8.49,27.1
2026-06-09T18:03:53.912215,assign_progress_50,9.17,29.3
2026-06-09T18:03:53.940398,assign_progress_100,9.17,29.3
2026-06-09T18:03:53.968453,assign_progress_150,9.17,29.3
2026-06-09T18:03:53.988515,assign_progress_200,9.17,29.3
2026-06-09T18:03:54.013680,assign_progress_250,9.17,29.3
2026-06-09T18:03:54.044013,assign_progress_300,9.17,29.3
2026-06-09T18:03:54.069007,assign_progress_350,9.17,29.3
2026-06-09T18:03:54.101288,assign_progress_400,9.17,29.3
2026-06-09T18:03:54.132351,assign_progress_450,9.17,29.3
2026-06-09T18:03:54.161568,assign_progress_500,9.17,29.3
2026-06-09T18:03:55.537148,end_08_assign,8.85,28.3
2026-06-09T18:04:06.697719,start_09_visualize,8.52,27.2
2026-06-09T18:04:08.769104,pyldavis_done,9.56,30.6
2026-06-09T18:04:10.305264,end_09_visualize,10.08,32.2
2026-06-09T18:04:20.519962,start_10_export,8.49,27.1
2026-06-09T18:04:21.636613,graph_json_done,8.95,28.6
2026-06-09T18:04:35.005573,end_10_export,8.85,28.3
2026-06-09T18:23:01.552273,start_bertopic,9.58,30.6
2026-06-09T18:23:17.927564,model_loaded,10.76,34.4
2026-06-09T18:23:31.834350,end_bertopic,11.84,37.8
2026-06-09T18:24:25.393520,start_bertopic_v2,9.48,30.3
2026-06-09T18:24:31.109118,model_loaded_v2,10.61,33.9
2026-06-09T18:24:44.556439,end_bertopic_v2,11.66,37.2
2026-06-09T18:30:53.737876,start_bertopic_v3,9.59,30.6
2026-06-09T18:30:59.612853,model_loaded_v3,10.71,34.2
2026-06-09T18:31:13.321759,end_bertopic_v3,11.70,37.4
2026-06-09T18:32:26.096655,start_bertopic_v4,9.52,30.4
2026-06-09T18:32:31.862590,model_loaded_v4,10.65,34.0
2026-06-09T18:32:42.183881,end_bertopic_v4,11.35,36.3
